,342.5nm,388nm,442nm,463nm,483.5nm
150101,3.743,3.212,2.658,2.468,2.296
150102,,,,,
150103,,,,,
150104,,,,,
150105,,,,,
150106,,,,,
150107,,,,,
150108,,,,,
150109,,,,,
150110,,,,,
150111,,,,,
150112,,,,,
150113,,,,,
150114,,,,,
150115,,,,,
150116,,,,,
150117,,,,,
150118,,,,,
150119,,,,,
150120,,,,,
150121,,,,,
150122,,,,,
150123,,,,,
150124,,,,,
150125,,,,,
150126,6.935,5.951,4.925,4.573,4.253
150127,,,,,
150128,,,,,
150129,,,,,
150130,,,,,
150131,,,,,
150201,,,,,
150202,,,,,
150203,,,,,
150204,1.666,1.38,1.102,1.011,0.93
150205,,,,,
150206,,,,,
150207,,,,,
150208,,,,,
150209,2.081,2.01,1.943,1.921,1.901
150210,,,,,
150211,,,,,
150212,,,,,
150213,,,,,
150214,,,,,
150215,,,,,
150216,,,,,
150217,,,,,
150218,,,,,
150219,,,,,
150220,,,,,
150221,,,,,
150222,,,,,
150223,,,,,
150224,,,,,
150225,1.45,1.4,1.353,1.338,1.324
150226,,,,,
150227,,,,,
150228,,,,,
150301,1.095,1.024,0.925,0.886,0.847
150302,1.05,0.979,0.882,0.843,0.806
150303,,,,,
150304,,,,,
150305,,,,,
150306,7.568,6.266,5.006,4.593,4.226
150307,,,,,
150308,,,,,
150309,,,,,
150310,0.173,0.15,0.125,0.117,0.109
150311,,,,,
150312,,,,,
150313,,,,,
150314,,,,,
150315,,,,,
150316,,,,,
150317,,,,,
150318,,,,,
150319,,,,,
150320,,,,,
150321,,,,,
150322,4.316,3.637,2.958,2.731,2.527
150323,,,,,
150324,,,,,
150325,,,,,
150326,7.576,6.501,5.381,4.995,4.646
150327,,,,,
150328,,,,,
150329,,,,,
150330,,,,,
150331,,,,,
150401,,,,,
150402,,,,,
150403,,,,,
150404,,,,,
150405,,,,,
150406,,,,,
150407,,,,,
150408,,,,,
150409,5.118,4.413,3.673,3.418,3.187
150410,,,,,
150411,,,,,
150412,0.949,0.885,0.797,0.762,0.728
150413,,,,,
150414,4.605,3.951,3.27,3.036,2.824
150415,,,,,
150416,,,,,
150417,,,,,
150418,,,,,
150419,1.648,1.591,1.538,1.542,1.505
150420,1.196,1.12,1.015,0.973,0.933
150421,2.25,2.04,1.824,1.75,1.684
150422,,,,,
150423,6.009,5.157,4.268,3.962,3.685
150424,,,,,
150425,,,,,
150426,,,,,
150427,,,,,
150428,,,,,
150429,,,,,
150430,,,,,
150501,,,,,
150502,,,,,
150503,2.343,2.186,1.97,1.883,1.799
150504,3.303,2.966,2.579,2.438,2.306
150505,,,,,
150506,5.184,4.341,3.517,3.244,3.001
150507,,,,,
150508,,,,,
150509,,,,,
150510,,,,,
150511,,,,,
150512,,,,,
150513,7.258,6.009,4.801,4.404,4.053
150514,2.672,2.293,1.898,1.762,1.639
150515,,,,,
150516,1.295,1.208,1.088,1.04,0.994
150517,,,,,
150518,,,,,
150519,0.99,0.924,0.834,0.798,0.763
150520,3.526,3.04,2.531,2.355,2.195
150521,,,,,
150522,,,,,
150523,1.349,1.261,1.164,1.129,1.096
150524,,,,,
150525,4.575,4.039,3.449,3.239,3.046
150526,1.196,1.118,1.01,0.967,0.925
150527,,,,,
150528,,,,,
150529,,,,,
150530,,,,,
150531,,,,,
150601,1.314,1.269,1.227,1.213,1.2
150602,,,,,
150603,4.948,4.157,3.375,3.115,2.882
150604,,,,,
150605,,,,,
150606,0.9,0.839,0.757,0.723,0.691
150607,1.959,1.834,1.662,1.594,1.527
150608,,,,,
150609,,,,,
150610,6.88,5.904,4.886,4.536,4.219
150611,,,,,
150612,2.239,1.865,1.5,1.38,1.274
150613,,,,,
150614,1.929,1.713,1.471,1.385,1.305
150615,1.128,1.052,0.948,0.906,0.866
150616,,,,,
150617,2.348,2.191,1.974,1.888,1.803
150618,,,,,
150619,0.501,0.42,0.342,0.315,0.292
150620,,,,,
150621,2.091,1.958,1.774,1.701,1.63
150622,2.018,1.948,1.883,1.862,1.842
150623,2.545,2.194,1.826,1.7,1.584
150624,0.58,0.543,0.492,0.472,0.451
150625,,,,,
150626,0.263,0.235,0.204,0.193,0.182
150627,,,,,
150628,,,,,
150629,1.112,1.039,0.938,0.897,0.857
150630,0.623,0.581,0.524,0.501,0.479
150701,,1.09,0.982,0.939,0.897
150702,,,,,
150703,0.337,0.31,0.276,0.262,0.25
150704,,,,,
150705,,,,,
150706,,,,,
150707,2.502,2.234,1.932,1.822,1.721
150708,,,,,
150709,,,,,
150710,1.621,1.512,1.363,1.303,1.245
150711,,,,,
150712,5.821,4.936,4.042,3.742,3.472
150713,1.686,1.576,1.425,1.364,1.305
150714,,,,,
150715,0.296,0.285,0.276,0.272,0.27
150716,,,,,
150717,0.8,0.747,0.675,0.647,0.619
150718,,,,,
150719,0.234,0.215,0.192,0.183,0.174
150720,2.215,2.07,1.87,1.791,1.713
150721,,,,,
150722,1.313,1.227,1.109,1.062,1.016
150723,,,,,
150724,,,,,
150725,,,,,
150726,0.056,0.053,0.048,0.046,0.044
150727,,,,,
150728,2.675,2.498,2.256,2.159,2.065
150729,0.023,0.022,0.019,0.019,0.018
150730,2.169,1.861,1.54,1.43,1.33
150731,0.116,0.1,0.083,0.077,0.071
150801,,,,,
150802,0.674,0.616,0.545,0.517,0.492
150803,,,,,
150804,0.267,0.249,0.226,0.216,0.207
150805,,,,,
150806,4.476,3.854,3.203,2.979,2.775
150807,,,,,
150808,,,,,
150809,3.462,2.883,2.32,2.134,1.969
150810,,,,,
150811,,,,,
150812,,,,,
150813,1.274,1.055,0.843,0.773,0.711
150814,0.169,0.158,0.143,0.137,0.132
150815,5.018,4.248,3.47,3.208,2.972
150816,1.864,1.594,1.316,1.221,1.136
150817,1.93,1.657,1.371,1.273,1.184
150818,,,,,
150819,,,,,
150820,1.711,1.502,1.276,1.197,1.123
150821,,,,,
150822,4.115,3.522,2.913,2.705,2.518
150823,4.641,4.173,3.634,3.437,3.252
150824,6.37,5.467,4.524,4.2,3.907
150825,3.594,3.084,2.552,2.369,2.204
150826,,,,,
150827,2.279,2.046,1.772,1.672,1.578
150828,,,,,
150829,,,,,
150830,,,,,
150831,,,,,
150901,,,,,
150902,,,,,
150903,,,,,
150904,,,,,
150905,,,,,
150906,,,,,
150907,2.504,2.159,1.798,1.672,1.56
150908,3.193,2.979,2.684,2.566,2.452
150909,,,,,
150910,,,,,
150911,3.889,3.353,2.791,2.597,2.421
150912,3.334,3.053,2.705,2.572,2.446
150913,,,,,
150914,,,,,
150915,,,,,
150916,,,,,
150917,2.566,2.394,2.157,2.062,1.97
150918,,,,,
150919,,,,,
150920,,,,,
150921,,,,,
150922,,,,,
150923,3.79,3.267,2.72,2.531,2.359
150924,,,,,
150925,,,,,
150926,,,,,
150927,,,,,
150928,,,,,
150929,,,,,
150930,,,,,
151001,1.594,1.487,1.34,1.281,1.224
151002,2.443,2.046,1.658,1.529,1.415
151003,,,,,
151004,,,,,
151005,2.462,2.207,1.914,1.808,1.708
151006,,,,,
151007,,,,,
151008,,,,,
151009,1.281,1.128,0.963,0.905,0.85
151010,,,,,
151011,,,,,
151012,,,,,
151013,,,,,
151014,,,,,
151015,,,,,
151016,3.358,2.78,2.221,2.038,1.875
151017,,,,,
151018,1.778,1.472,1.176,1.079,0.993
151019,2.797,2.423,2.039,1.908,1.788
151020,,,,,
151021,,,,,
151022,,,,,
151023,2.934,2.566,2.168,2.029,1.901
151024,,,,,
151025,,,,,
151026,,,,,
151027,,,,,
151028,,,,,
151029,,,,,
151030,,,,,
151031,,,,,
151101,,,,,
151102,,,,,
151103,,,,,
151104,,,,,
151105,,,,,
151106,,,,,
151107,,,,,
151108,2.657,2.28,1.887,1.752,1.63
151109,,,,,
151110,,,,,
151111,,,,,
151112,3.492,3.257,2.935,2.806,2.681
151113,1.278,1.234,1.193,1.179,1.167
151114,,,,,
151115,1.903,1.837,1.776,1.756,1.738
151116,,,,,
151117,,,,,
151118,,,,,
151119,,,,,
151120,,,,,
151121,,,,,
151122,,,,,
151123,,,,,
151124,1.659,1.602,1.549,1.531,1.515
151125,,,,,
151126,,,,,
151127,3.555,3.051,2.525,2.344,2.18
151128,3.712,3.073,2.455,2.252,2.072
151129,,,,,
151130,,,,,
151201,,,,,
151202,,,,,
151203,6.106,5.15,4.192,3.87,3.582
151204,,,,,
151205,,,,,
151206,,,,,
151207,,,,,
151208,,,,,
151209,,,,,
151210,2.189,1.878,1.554,1.443,1.342
151211,2.632,2.192,1.764,1.623,1.497
151212,,,,,
151213,,,,,
151214,,,,,
151215,,,,,
151216,,,,,
151217,,,,,
151218,,,,,
151219,,,,,
151220,,,,,
151221,,,,,
151222,0.947,0.883,0.796,0.761,0.727
151223,,,,,
151224,,,,,
151225,,,,,
151226,,,,,
151227,,,,,
151228,,,,,
151229,,,,,
151230,,,,,
151231,1.434,1.338,1.205,1.152,
160101,,,,,
160102,,,,,
160103,,,,,
160104,,,,,
160105,,,,,
160106,,,,,
160107,,,,,
160108,,,,,
160109,,,,,
160110,,,,,
160111,,,,,
160112,,,,,
160113,,,,,
160114,,,,,
160115,,,,,
160116,,,,,
160117,,,,,
160118,,,,,
160119,,,,,
160120,,,,,
160121,,,,,
160122,,,,,
160123,,,,,
160124,,,,,
160125,,,,,
160126,,,,,
160127,,,,,
160128,,,,,
160129,,,,,
160130,,,,,
160131,,,,,
160201,,,,,
160202,,,,,
160203,,,,,
160204,,,,,
160205,,,,,
160206,,,,,
160207,,,,,
160208,,,,,
160209,,,,,
160210,,,,,
160211,,,,,
160212,1.893,1.712,1.497,1.417,1.342
160213,,,,,
160214,,,,,
160215,,,,,
160216,,,,,
160217,,,,,
160218,,,,,
160219,,,,,
160220,,,,,
160221,,,,,
160222,4.508,3.868,3.202,2.972,2.764
160223,,,,,
160224,,,,,
160225,,,,,
160226,,,,,
160227,,,,,
160228,,,,,
160301,,,,,
160302,,,,,
160303,,,,,
160304,,,,,
160305,,,,,
160306,,,,,
160307,,,,,
160308,,,,,
160309,,,,,
160310,0.298,0.279,0.253,0.243,0.232
160311,8.474,7.016,5.605,5.142,4.732
160312,,,,,
160313,,,,,
160314,,,,,
160315,,,,,
160316,,,,,
160317,,,,,
160318,,,,,
160319,,,,,
160320,,,,,
160321,,,,,
160322,,,,,
160323,3.229,2.771,2.293,2.129,1.98
160324,,,,,
160325,3.031,2.509,2.005,1.839,1.692
160326,,,,,
160327,,,,,
160328,,,,,
160329,,,,,
160330,,,,,
160331,,,,,
160401,,,,,
160402,,,,,
160403,,,,,
160404,,,,,
160405,3.472,3.102,2.68,2.528,2.386
160406,,,,,
160407,,,,,
160408,1.432,1.358,1.268,1.234,1.2
160409,,,,,
160410,3.197,2.988,2.7,2.585,2.473
160411,,,,,
160412,,,,,
160413,,,,,
160414,,,,,
160415,,,,,
160416,,,,,
160417,,,,,
160418,,,,,
160419,3.116,2.777,2.402,2.266,2.14
160420,1.158,1.081,0.974,0.931,0.889
160421,,,,,
160422,1.584,1.478,1.331,,1.216
160423,,,,,
160424,1.484,1.433,1.385,1.37,1.355
160425,,,,,
160426,,,,,
160427,,,,,
160428,,,,,
160429,,,,,
160430,,,,,
160501,1.361,1.269,1.144,1.094,1.045
160502,,,,,
160503,0.114,0.106,0.096,0.092,0.089
160504,,,,,
160505,,,,,
160506,,,,,
160507,,,,,
160508,,,,,
160509,2.04,1.91,1.731,1.66,1.59
160510,2.382,2.044,1.692,1.571,1.461
160511,,,,,
160512,5.826,5.058,4.254,3.976,3.722
160513,,,,,
160514,,,,,
160515,2.209,2.06,1.856,1.775,1.696
160516,,,,,
160517,0.897,0.836,0.754,0.72,0.688
160518,,,,,
160519,,,,,
160520,,,,,
160521,3.313,2.795,2.277,2.103,1.947
160522,,,,,
160523,,,,,
160524,,,,,
160525,2.219,2.074,1.874,1.794,1.717
160526,2.152,1.956,1.72,1.631,1.547
160527,,,,,
160528,5.855,4.847,3.873,3.553,3.269
160529,3.383,2.915,2.434,2.268,2.119
160530,,,,,
160531,,,,,
160601,,,,,
160602,,,,,
160603,,,,,
160604,,,,,
160605,,,,,
160606,,,,,
160607,,,,,
160608,,,,,
160609,,,,,
160610,,,,,
160611,,,,,
160612,,,,,
160613,,,,,
160614,,,,,
160615,4.617,4.026,3.404,3.187,2.99
160616,,,,,
160617,,,,,
160618,,,,,
160619,,,,,
160620,2.008,1.745,1.465,1.367,1.279
160621,,,,,
160622,1.259,1.1,0.93,0.87,0.816
160623,0.24,0.224,0.203,0.195,0.186
160624,1.628,1.458,1.265,1.195,1.13
160625,1.237,1.158,1.049,1.006,0.576
160626,,,,,
160627,0.832,0.776,0.7,0.669,0.639
160628,,,,,
160629,,,,,
160630,0.585,0.548,0.497,0.476,0.456
160701,2.154,1.948,1.709,1.62,1.537
160702,1.538,1.438,1.299,1.244,1.19
160703,0.134,0.126,0.114,0.109,0.105
160704,0.065,0.061,0.055,0.053,0.051
160705,,,,,
160706,0.349,0.327,0.296,0.283,0.271
160707,,,,,
160708,1.136,1.051,0.941,0.899,0.858
160709,2.29,2.14,1.934,1.852,1.771
160710,1.444,1.352,1.225,1.175,1.125
160711,0.288,0.27,0.244,0.234,0.276
160712,1.747,1.636,1.483,1.422,1.362
160713,1.77,1.567,1.341,1.261,1.186
160714,,,,,
160715,4.068,3.435,2.798,2.584,2.393
160716,,,,,
160717,,,,,
160718,0.102,0.095,0.086,0.083,0.079
160719,0.138,0.129,0.117,0.112,0.108
160720,0.207,0.193,0.175,0.168,0.161
160721,,,,,
160722,0.031,0.029,0.027,0.025,0.025
160723,,,,,
160724,1.272,1.15,1.007,0.954,0.905
160725,0.074,0.069,0.062,0.06,0.058
160726,3.433,2.911,2.39,2.216,2.06
160727,,,,,
160728,1.313,1.229,1.114,1.068,1.023
160729,0.363,0.322,0.277,0.26,0.246
160730,,,,,
160731,0.709,0.628,0.539,0.507,0.477
160801,1.162,1.087,0.984,0.943,0.903
160802,,,,,
160803,0.091,0.085,0.077,0.074,0.071
160804,0.628,0.586,0.53,0.508,0.486
160805,0.293,0.264,0.231,0.219,0.207
160806,,,,,
160807,2.607,2.238,1.86,1.731,1.614
160808,,,,,
160809,,,,,
160810,,,,,
160811,0.515,0.497,0.481,0.475,0.47
160812,0.54,0.504,0.456,0.436,0.417
160813,,,,,
160814,2.164,1.891,1.597,1.493,1.398
160815,,,,,
160816,7.668,6.581,5.446,5.056,4.703
160817,,,,,
160818,,,,,
160819,,,,,
160820,,,,,
160821,,,,,
160822,,,,,
160823,0.632,0.592,0.536,0.514,0.492
160824,,,,,
160825,2.233,1.877,1.525,1.407,1.302
160826,5.406,4.61,3.798,3.522,3.272
160827,6.525,5.502,4.477,4.132,3.825
160828,,,,,
160829,,,,,
160830,1.767,1.706,1.65,1.631,1.614
160831,,,,,
160901,6.275,5.854,5.274,5.043,4.818
160902,,,,,
160903,,,,,
160904,,,,,
160905,,,,,
160906,0.3,0.254,0.208,0.193,0.179
160907,,,,,
160908,0.545,0.509,0.46,0.44,0.421
160909,0.435,0.362,0.291,0.268,0.247
160910,3.739,3.324,2.861,2.694,2.539
160911,,,,,
160912,5.335,4.559,3.758,3.485,3.238
160913,,,,,
160914,,,,,
160915,,,,,
160916,,,,,
160917,,,,,
160918,2.003,1.869,1.684,1.61,1.538
160919,,,,,
160920,,,,,
160921,,,,,
160922,1.005,0.837,0.673,0.62,0.572
160923,,,,,
160924,,,,,
160925,,,,,
160926,,,,,
160927,0.971,0.906,0.816,0.78,0.745
160928,2.116,1.974,1.778,1.7,1.624
160929,,,,,
160930,,,,,
161001,1.331,1.242,1.119,1.07,1.022
161002,,,,,
161003,,,,,
161004,,,,,
161005,3.915,3.359,2.78,2.582,2.401
161006,,,,,
161007,,,,,
161008,,,,,
161009,,,,,
161010,2.724,2.256,1.802,1.653,1.521
161011,,,,,
161012,7.288,6.174,5.048,4.667,4.325
161013,1.255,1.171,1.055,1.008,0.963
161014,,,,,
161015,4.893,4.051,3.236,2.969,2.732
161016,5.659,4.822,3.974,3.687,3.429
161017,2.196,1.885,1.56,1.448,1.347
161018,,,,,
161019,,,,,
161020,,,,,
161021,,,,,
161022,,,,,
161023,,,,,
161024,,,,,
161025,,,,,
161026,,,,,
161027,,,,,
161028,,,,,
161029,,,,,
161030,4.717,4.085,3.42,3.189,2.979
161031,,,,,
161101,4.247,3.961,3.569,3.413,3.261
161102,,,,,
161103,,,,,
161104,,,,,
161105,,,,,
161106,,,,,
161107,,,,,
161108,,,,,
161109,,,,,
161110,,,,,
161111,,,,,
161112,,,,,
161113,6.131,5.076,4.055,3.72,3.423
161114,,,,,
161115,7.759,6.461,5.199,4.783,4.413
161116,,,,,
161117,,,,,
161118,,,,,
161119,,,,,
161120,,,,,
161121,,,,,
161122,,,,,
161123,1.461,1.41,1.363,1.348,1.334
161124,,,,,
161125,,,,,
161126,,,,,
161127,,,,,
161128,,,,,
161129,,,,,
161130,,,,,
161201,,,,,
161202,0.695,0.672,0.649,0.642,0.635
161203,,,,,
161204,,,,,
161205,,,,,
161206,6.314,5.227,4.176,3.832,3.526
161207,,,,,
161208,,,,,
161209,,,,,
161210,,,,,
161211,,,,,
161212,,,,,
161213,2.695,2.313,1.914,1.777,1.653
161214,,,,,
161215,,,,,
161216,,,,,
161217,,,,,
161218,,,,,
161219,,,,,
161220,,,,,
161221,,,,,
161222,,,,,
161223,,,,,
161224,,,,,
161225,,,,,
161226,,,,,
161227,,,,,
161228,,,,,
161229,,,,,
161230,,,,,
161231,,,,,
170101,,,,,
170102,,,,,
170103,,,,,
170104,,,,,
170105,,,,,
170106,,,,,
170107,,,,,
170108,,,,,
170109,1.828,1.765,1.706,1.687,1.669
170110,,,,,
170111,,,,,
170112,,,,,
170113,,,,,
170114,,,,,
170115,,,,,
170116,,,,,
170117,,,,,
170118,,,,,
170119,,,,,
170120,,,,,
170121,,,,,
170122,,,,,
170123,2.872,2.679,2.414,2.308,2.205
170124,,,,,
170125,1.691,1.633,1.579,1.561,1.545
170126,,,,,
170127,,,,,
170128,,,,,
170129,,,,,
170130,,,,,
170131,,,,,
170201,,,,,
170202,,,,,
170203,,,,,
170204,,,,,
170205,,,,,
170206,,,,,
170207,,,,,
170208,,,,,
170209,,,,,
170210,,,,,
170211,,,,,
170212,,,,,
170213,,,,,
170214,,,,,
170215,,,,,
170216,,,,,
170217,,,,,
170218,,,,,
170219,,,,,
170220,,,,,
170221,,,,,
170222,,,,,
170223,6.398,5.491,4.544,4.219,3.924
170224,,,,,
170225,,,,,
170226,,,,,
170227,,,,,
170228,,,,,
170301,,,,,
170302,,,,,
170303,,,,,
170304,,,,,
170305,4.031,3.459,2.863,2.658,2.472
170306,,,,,
170307,,,,,
170308,,,,,
170309,,,,,
170310,,,,,
170311,0.924,0.864,0.781,0.748,0.716
170312,,,,,
170313,,,,,
170314,,,,,
170315,,,,,
170316,,,,,
170317,,,,,
170318,,,,,
170319,,,,,
170320,,,,,
170321,,,,,
170322,,,,,
170323,0.977,0.912,0.821,0.786,0.75
170324,,,,,
170325,1.31,1.157,1.0,0.946,0.897
170326,,,,,
170327,,,,,
170328,,,,,
170329,,,,,
170330,2.011,1.899,1.755,1.7,1.647
170331,,,,,
170401,,,,,
170402,,,,,
170403,,,,,
170404,,,,,
170405,,,,,
170406,,,,,
170407,,,,,
170408,,,,,
170409,,,,,
170410,1.879,1.814,1.754,1.734,1.716
170411,,,,,
170412,,,,,
170413,,,,,
170414,,,,,
170415,1.25,1.166,1.05,1.004,0.96
170416,,,,,
170417,,,,,
170418,,,,,
170419,1.689,1.492,1.274,1.197,1.125
170420,,,,,
170421,7.016,5.93,4.838,4.469,4.139
170422,,,,,
170423,,,,,
170424,1.254,1.169,1.054,1.008,0.963
170425,3.998,3.736,3.376,3.232,3.093
170426,0.978,0.944,0.913,0.903,0.893
170427,,,,,
170428,,,,,
170429,,,,,
170430,,,,,
170501,,,,,
170502,,,,,
170503,1.715,1.656,1.601,1.582,1.566
170504,,,,,
170505,2.204,2.128,2.057,2.034,2.013
170506,,,,,
170507,3.648,3.214,2.739,2.571,2.415
170508,2.088,2.016,1.949,1.927,1.907
170509,,,,,
170510,,,,,
170511,,,,,
170512,,,,,
170513,,,,,
170514,,,,,
170515,,,,,
170516,,,,,
170517,1.957,1.89,1.827,1.806,1.787
170518,1.849,1.601,1.34,1.25,1.168
170519,,,,,
170520,,,,,
170521,1.416,1.368,1.322,1.307,1.294
170522,,,,,
170523,4.933,4.139,3.354,3.093,2.859
170524,,,,,
170525,2.536,2.37,2.142,2.051,1.962
170526,,,,,
170527,,,,,
170528,2.827,2.402,1.971,1.826,1.694
170529,,,,,
170530,,,,,
170531,,,,,
170601,,,,,
170602,,,,,
170603,,,,,
170604,,,,,
170605,,,,,
170606,0.807,0.753,0.678,0.648,0.62
170607,2.919,2.729,2.466,2.361,2.259
170608,,,,,
170609,,,,,
170610,,,,,
170611,0.791,0.738,0.665,0.635,0.607
170612,,,,,
170613,0.63,0.589,0.533,0.51,0.489
170614,,,,,
170615,1.93,1.698,1.447,1.359,1.277
170616,,,,,
170617,2.902,2.513,2.104,1.962,1.833
170618,1.322,1.233,1.112,1.063,1.015
170619,0.931,0.872,0.79,0.758,0.726
170620,0.099,0.093,0.084,0.08,0.077
170621,,,,,
170622,0.121,0.113,0.103,0.098,0.094
170623,,,,,
170624,,,,,
170625,0.385,0.361,0.327,0.314,0.3
170626,0.334,0.312,0.283,0.271,0.259
170627,0.888,0.812,0.718,0.682,0.649
170628,,,,,
170629,0.066,0.062,0.056,0.054,0.052
170630,,,,,
170701,3.395,3.17,2.862,2.738,2.618
170702,,,,,
170703,,,,,
170704,0.027,0.025,0.023,0.022,0.021
170705,2.697,2.336,1.956,1.824,1.704
170706,,,,,
170707,,,,,
170708,0.039,0.036,0.033,0.032,0.03
170709,,,,,
170710,1.174,1.083,0.968,0.924,0.882
170711,0.004,0.003,0.002,0.002,0.002
170712,0.304,0.275,0.241,0.229,0.217
170713,0.059,0.056,0.05,0.048,
170714,0.519,0.486,0.44,0.422,0.404
170715,1.198,1.056,0.899,0.844,0.792
170716,,,,,
170717,,,,,
170718,,,,,
170719,,,,,
170720,,,,,
170721,0.195,0.183,0.165,0.159,0.152
170722,,,,,
170723,,,,,
170724,1.14,1.064,0.958,0.916,0.875
170725,,,,,
170726,0.234,0.215,0.192,0.183,0.174
170727,,,,,
170728,1.059,0.983,0.882,0.843,0.805
170729,0.426,0.388,0.342,0.311,0.309
170730,,,,,
170731,,,,,
170801,,,,,
170802,2.494,2.252,1.967,1.861,1.761
170803,0.705,0.659,0.595,0.57,0.545
170804,,,,,
170805,0.734,0.684,0.617,0.59,0.563
170806,1.068,0.998,0.902,0.864,0.826
170807,4.367,3.636,2.926,2.692,2.484
170808,,,,,
170809,3.196,2.702,2.207,2.04,1.891
170810,,,,,
170811,,,,,
170812,2.044,1.907,1.718,1.642,1.569
170813,,,,,
170814,,,,,
170815,,,,,
170816,1.849,1.786,1.726,1.707,1.689
170817,,,,,
170818,,,,,
170819,,,,,
170820,,,,,
170821,,,,,
170822,,,,,
170823,2.736,2.458,2.137,2.018,1.908
170824,,,,,
170825,4.228,3.628,3.003,2.788,2.593
170826,,,,,
170827,3.54,3.256,2.895,2.756,2.623
170828,,,,,
170829,,,,,
170830,,,,,
170831,,,,,
170901,1.538,1.32,1.092,1.014,0.943
170902,,,,,
170903,2.549,2.377,2.142,2.048,1.957
170904,2.203,2.055,1.852,1.771,1.692
170905,,,,,
170906,2.956,2.615,2.241,2.108,1.985
170907,5.948,4.939,3.958,3.634,3.347
170908,,,,,
170909,,,,,
170910,,,,,
170911,,,,,
170912,7.606,6.297,5.031,4.616,4.247
170913,,,,,
170914,5.21,4.313,3.446,3.161,2.909
170915,3.252,2.836,2.387,2.23,2.085
170916,4.087,3.827,3.468,3.325,3.186
170917,1.116,0.968,0.813,0.76,0.711
170918,,,,,
170919,4.488,4.099,3.62,3.438,3.265
170920,4.521,4.217,3.8,3.633,3.472
170921,6.498,5.38,4.298,3.943,3.628
170922,,,,,
170923,,,,,
170924,,,,,
170925,,,,,
170926,,,,,
170927,,,,,
170928,,,,,
170929,,,,,
170930,6.679,5.529,4.418,4.053,3.729
171001,1.935,1.806,1.627,1.555,1.486
171002,,,,,
171003,,,,,
171004,,,,,
171005,3.771,3.201,2.622,2.426,2.249
171006,1.633,1.524,1.373,1.313,1.254
171007,4.328,3.816,3.253,3.052,2.868
171008,,,,,
171009,3.214,3.004,2.715,2.599,2.487
171010,,,,,
171011,,,,,
171012,,,,,
171013,,,,,
171014,,,,,
171015,,,,,
171016,,,,,
171017,,,,,
171018,,,,,
171019,3.018,2.499,1.996,1.831,1.685
171020,,,,,
171021,,,,,
171022,,,,,
171023,,,,,
171024,,,,,
171025,,,,,
171026,,,,,
171027,,,,,
171028,,,,,
171029,,,,,
171030,3.119,2.894,2.598,2.481,2.369
171031,1.079,1.009,0.912,0.873,0.835
171101,2.714,2.247,1.795,1.647,1.516
171102,1.189,1.148,1.11,1.097,1.086
171103,,,,,
171104,,,,,
171105,,,,,
171106,,,,,
171107,,,,,
171108,,,,,
171109,,,,,
171110,,,,,
171111,,,,,
171112,,,,,
171113,,,,,
171114,,,,,
171115,5.583,4.703,3.824,3.529,3.265
171116,,,,,
171117,,,,,
171118,,,,,
171119,2.559,2.471,2.389,2.362,2.337
171120,,,,,
171121,,,,,
171122,,,,,
171123,,,,,
171124,,,,,
171125,,,,,
171126,,,,,
171127,,,,,
171128,,,,,
171129,,,,,
171130,,,,,
171201,,,,,
171202,,,,,
171203,,,,,
171204,,,,,
171205,,,,,
171206,,,,,
171207,,,,,
171208,2.183,2.036,1.835,1.754,1.676
171209,,,,,
171210,,,,,
171211,,,,,
171212,,,,,
171213,,,,,
171214,,,,,
171215,,,,,
171216,,,,,
171217,,,,,
171218,,,,,
171219,,,,,
171220,2.027,1.74,1.44,1.337,1.243
171221,,,,,
171222,,,,,
171223,,,,,
171224,,,,,
171225,,,,,
171226,,,,,
171227,,,,,
171228,,,,,
171229,,,,,
171230,,,,,
171231,,,,,
180101,,,,,
180102,,,,,
180103,,,,,
180104,,,,,
180105,,,,,
180106,,,,,
180107,,,,,
180108,,,,,
180109,,,,,
180110,,,,,
180111,,,,,
180112,1.655,1.544,1.391,1.33,1.27
180113,,,,,
180114,,,,,
180115,,,,,
180116,,,,,
180117,,,,,
180118,2.944,2.643,2.302,2.177,2.061
180119,,,,,
180120,,,,,
180121,2.002,1.868,1.683,1.609,1.537
180122,,,,,
180123,,,,,
180124,,,,,
180125,,,,,
180126,,,,,
180127,,,,,
180128,,,,,
180129,,,,,
180130,,,,,
180131,,,,,
180201,,,,,
180202,,,,,
180203,,,,,
180204,,,,,
180205,,,,,
180206,,,,,
180207,,,,,
180208,,,,,
180209,,,,,
180210,,,,,
180211,,,,,
180212,,,,,
180213,,,,,
180214,,,,,
180215,,,,,
180216,,,,,
180217,,,,,
180218,,,,,
180219,3.891,3.24,2.607,2.399,2.213
180220,,,,,
180221,,,,,
180222,,,,,
180223,,,,,
180224,,,,,
180225,,,,,
180226,,,,,
180227,,,,,
180228,,,,,
180301,,,,,
180302,,,,,
180303,,,,,
180304,,,,,
180305,,,,,
180306,,,,,
180307,,,,,
180308,,,,,
180309,,,,,
180310,5.111,4.386,3.63,3.37,3.135
180311,,,,,
180312,,,,,
180313,,,,,
180314,,,,,
180315,2.166,1.867,1.554,1.446,1.348
180316,,,,,
180317,,,,,
180318,,,,,
180319,,,,,
180320,,,,,
180321,,,,,
180322,3.285,3.064,2.761,2.64,2.522
180323,,,,,
180324,,,,,
180325,,,,,
180326,4.172,3.58,2.963,2.751,2.559
180327,4.303,3.516,2.783,2.548,2.342
180328,,,,,
180329,,,,,
180330,,,,,
180331,,,,,
180401,,,,,
180402,,,,,
180403,,,,,
180404,,,,,
180405,,,,,
180406,,,,,
180407,,,,,
180408,,,,,
180409,,,,,
180410,8.498,7.035,5.621,5.157,4.745
180411,,,,,
180412,,,,,
180413,,,,,
180414,,,,,
180415,,,,,
180416,,,,,
180417,,,,,
180418,,,,,
180419,,,,,
180420,,,,,
180421,,,,,
180422,,,,,
180423,,,,,
180424,,,,,
180425,,,,,
180426,,,,,
180427,1.675,1.528,1.387,1.34,1.299
180428,,,,,
180429,,,,,
180430,,,,,
180501,,,,,
180502,,,,,
180503,,,,,
180504,,,,,
180505,,,,,
180506,,,,,
180507,,,,,
180508,,,,,
180509,,,,,
180510,6.254,5.367,4.442,4.123,3.835
180511,0.94,0.877,0.79,0.755,0.722
180512,,,,,
180513,2.078,1.73,1.392,1.281,1.182
180514,,,,,
180515,,,,,
180516,,,,,
180517,,,,,
180518,,,,,
180519,,,,,
180520,,,,,
180521,,,,,
180522,,,,,
180523,,,,,
180524,,,,,
180525,,,,,
180526,,,,,
180527,1.183,1.103,0.994,0.95,0.908
180528,3.208,2.998,2.709,2.593,2.482
180529,1.815,1.693,1.525,1.458,1.393
180530,,,,,
180531,1.3,1.256,1.214,1.2,1.188
180601,,,,,
180602,,,,,
180603,0.787,0.736,0.665,0.636,0.609
180604,,,,,
180605,0.187,0.174,0.158,0.152,0.146
180606,,,,,
180607,,,,,
180608,,,,,
180609,,,,,
180610,,,,,
180611,,,,,
180612,1.675,1.565,1.415,1.354,1.296
180613,,,,,
180614,,,,,
180615,,,,,
180616,,,,,
180617,,,,,
180618,0.352,0.32,0.281,0.267,0.253
180619,0.103,0.096,0.087,0.084,0.08
180620,,,,,
180621,,,,,
180622,,,,,
180623,2.33,1.94,1.562,1.437,1.326
180624,,,,,
180625,0.158,0.148,0.134,0.129,0.123
180626,1.978,1.852,1.678,1.609,1.542
180627,0.381,0.328,0.274,0.255,0.238
180628,0.048,0.044,0.04,0.038,0.037
180629,,,,,
180630,0.165,0.154,0.139,0.134,0.128
180701,,,,,
180702,0.592,0.554,0.502,0.482,0.461
180703,,,,,
180704,0.314,0.273,0.23,0.215,0.201
180705,0.076,0.07,0.064,0.061,0.059
180706,,,,,
180707,,,,,
180708,0.289,0.271,0.245,0.236,0.226
180709,0.112,0.105,0.095,0.091,0.088
180710,,,,,
180711,0.203,0.177,0.149,0.139,0.13
180712,0.033,0.031,0.028,0.027,0.025
180713,2.064,1.929,1.744,1.67,1.597
180714,1.431,1.336,1.205,1.153,1.102
180715,,,,,
180716,,,,,
180717,,,,,
180718,0.619,0.565,0.499,0.474,0.451
180719,,,,,
180720,2.346,2.193,1.982,1.898,1.816
180721,,,,,
180722,,,,,
180723,,,,,
180724,0.327,0.288,0.247,0.232,0.218
180725,0.13,0.122,0.111,0.106,0.102
180726,,,,,
180727,0.047,0.044,0.04,0.038,0.037
180728,,,,,
180729,,,,,
180730,,,,,
180731,,,,,
180801,,,,,
180802,,,,,
180803,2.073,1.824,1.55,1.453,1.364
180804,,,,,
180805,,,,,
180806,1.523,1.47,1.421,1.405,1.391
180807,,,,,
180808,2.864,2.458,2.034,1.889,1.756
180809,0.855,0.75,0.638,0.6,0.564
180810,1.45,1.353,1.219,1.165,1.114
180811,,,,,
180812,4.904,4.06,3.244,2.976,2.738
180813,,,,,
180814,,,,,
180815,,,,,
180816,,,,,
180817,,,,,
180818,,,,,
180819,,,,,
180820,,,,,
180821,,,,,
180822,0.08,0.075,0.068,0.065,0.062
180823,,,,,
180824,3.274,2.81,2.325,2.159,2.008
180825,,,,,
180826,,,,,
180827,,,,,
180828,0.647,0.605,0.548,0.526,0.504
180829,,,,,
180830,,,,,
180831,,,,,
180901,,,,,
180902,,,,,
180903,1.145,1.072,0.972,0.932,0.893
180904,,,,,
180905,,,,,
180906,2.756,2.406,2.032,1.901,1.781
180907,2.964,2.482,2.011,1.855,1.716
180908,,,,,
180909,,,,,
180910,6.423,5.537,4.61,4.289,3.999
180911,1.908,1.638,1.355,1.258,1.17
180912,,,,,
180913,4.132,3.421,2.733,2.508,2.307
180914,,,,,
180915,,,,,
180916,,,,,
180917,,,,,
180918,,,,,
180919,1.089,1.02,0.924,0.886,0.849
180920,2.619,2.355,2.045,1.931,1.824
180921,,,,,
180922,1.291,1.076,0.866,0.796,0.735
180923,,,,,
180924,,,,,
180925,1.29,1.203,1.084,1.037,0.991
180926,,,,,
180927,,,,,
180928,,,,,
180929,2.016,1.813,1.574,1.486,1.404
180930,,,,,
181001,,,,,
181002,,,,,
181003,0.919,0.858,0.776,0.743,0.711
181004,,,,,
181005,,,,,
181006,,,,,
181007,,,,,
181008,2.627,2.45,2.208,2.111,2.017
181009,,,,,
181010,,,,,
181011,,,,,
181012,,,,,
181013,,,,,
181014,,,,,
181015,7.483,6.263,5.059,4.658,4.301
181016,,,,,
181017,4.919,4.48,3.945,3.743,3.552
181018,,,,,
181019,4.286,3.973,3.559,3.396,3.24
181020,,,,,
181021,,,,,
181022,2.24,1.855,1.482,1.359,1.251
181023,,,,,
181024,,,,,
181025,,,,,
181026,,,,,
181027,,,,,
181028,,,,,
181029,,,,,
181030,,,,,
181031,,,,,
181101,,,,,
181102,2.527,2.357,2.124,2.031,1.94
181103,,,,,
181104,3.245,2.774,2.292,2.129,1.981
181105,,,,,
181106,,,,,
181107,,,,,
181108,,,,,
181109,,,,,
181110,,,,,
181111,,,,,
181112,,,,,
181113,,,,,
181114,,,,,
181115,,,,,
181116,0.805,0.658,0.521,0.477,0.438
181117,,,,,
181118,5.171,4.68,4.095,3.877,3.673
181119,,,,,
181120,,,,,
181121,,,,,
181122,,,,,
181123,,,,,
181124,,,,,
181125,,,,,
181126,1.621,1.512,1.362,1.302,1.244
181127,,,,,
181128,,,,,
181129,,,,,
181130,,,,,
181201,,,,,
181202,,,,,
181203,,,,,
181204,1.858,1.794,1.735,1.715,1.697
181205,,,,,
181206,,,,,
181207,,,,,
181208,,,,,
181209,,,,,
181210,,,,,
181211,,,,,
181212,,,,,
181213,,,,,
181214,,,,,
181215,,,,,
181216,,,,,
181217,,,,,
181218,,,,,
181219,,,,,
181220,,,,,
181221,,,,,
181222,,,,,
181223,,,,,
181224,2.927,2.535,2.122,1.979,1.849
181225,,,,,
181226,,,,,
181227,,,,,
181228,,,,,
181229,,,,,
181230,,,,,
181231,,,,,
190101,,,,,
190102,,,,,
190103,,,,,
190104,,,,,
190105,,,,,
190106,,,,,
190107,,,,,
190108,,,,,
190109,,,,,
190110,,,,,
190111,,,,,
190112,2.031,1.962,1.896,1.875,1.855
190113,,,,,
190114,,,,,
190115,,,,,
190116,,,,,
190117,,,,,
190118,,,,,
190119,,,,,
190120,,,,,
190121,3.355,3.136,2.834,2.713,2.596
190122,,,,,
190123,,,,,
190124,,,,,
190125,,,,,
190126,,,,,
190127,,,,,
190128,,,,,
190129,,,,,
190130,,,,,
190131,,,,,
190201,,,,,
190202,,,,,
190203,,,,,
190204,,,,,
190205,,,,,
190206,,,,,
190207,,,,,
190208,,,,,
190209,,,,,
190210,3.64,3.395,3.059,2.924,2.794
190211,,,,,
190212,,,,,
190213,,,,,
190214,,,,,
190215,,,,,
190216,,,,,
190217,,,,,
190218,,,,,
190219,,,,,
190220,,,,,
190221,,,,,
190222,,,,,
190223,,,,,
190224,,,,,
190225,,,,,
190226,,,,,
190227,,,,,
190228,,,,,
190301,,,,,
190302,,,,,
190303,,,,,
190304,,,,,
190305,,,,,
190306,,,,,
190307,,,,,
190308,,,,,
190309,,,,,
190310,,,,,
190311,,,,,
190312,,,,,
190313,,,,,
190314,,,,,
190315,1.81,1.618,1.421,1.353,1.292
190316,,,,,
190317,7.944,6.817,5.642,5.238,4.872
190318,,,,,
190319,,,,,
190320,,,,,
190321,,,,,
190322,,,,,
190323,,,,,
190324,7.077,5.859,4.681,4.294,3.951
190325,,,,,
190326,2.124,2.051,1.983,1.96,1.94
190327,,,,,
190328,,,,,
190329,,,,,
190330,7.451,6.268,5.099,4.711,4.363
190331,,,,,
190401,,,,,
190402,,,,,
190403,,,,,
190404,,,,,
190405,,,,,
190406,,,,,
190407,,,,,
190408,,,,,
190409,1.933,1.867,1.805,1.784,1.765
190410,,,,,
190411,2.825,2.339,1.868,1.714,1.577
190412,1.216,1.139,1.033,0.989,0.948
190413,,,,,
190414,,,,,
190415,,,,,
190416,,,,,
190417,,,,,
190418,2.512,2.343,2.111,2.019,1.929
190419,,,,,
190420,,,,,
190421,,,,,
190422,,,,,
190423,,,,,
190424,,,,,
190425,,,,,
190426,,,,,
190427,1.45,1.352,1.218,1.165,1.113
190428,,,,,
190429,,,,,
190430,,,,,
190501,,,,,
190502,,,,,
190503,,,,,
190504,,,,,
190505,0.481,0.45,0.407,0.389,0.372
190506,,,,,
190507,0.636,0.594,0.537,0.514,0.492
190508,3.339,3.127,2.834,2.717,2.603
190509,,,,,
190510,,,,,
190511,,,,,
190512,,,,,
190513,,,,,
190514,,,,,
190515,0.083,0.078,0.071,0.068,0.065
190516,,,,,
190517,0.607,0.569,0.515,0.494,0.473
190518,,,,,
190519,,,,,
190520,,,,,
190521,,,,,
190522,,,,,
190523,1.195,1.114,1.004,0.96,0.918
190524,,,,,
190525,,,,,
190526,,,,,
190527,2.346,2.089,1.803,1.7,1.605
190528,,,,,
190529,3.627,3.06,2.491,2.3,2.129
190530,,,,,
190531,,,,,
190601,,,,,
190602,8.017,6.676,5.372,4.942,4.56
190603,,,,,
190604,,,,,
190605,1.984,1.854,1.677,1.606,1.537
190606,,,,,
190607,,,,,
190608,,,,,
190609,,,,,
190610,,,,,
190611,,,,,
190612,3.098,2.631,2.16,2.0,1.856
190613,,,,,
190614,2.099,1.889,1.647,1.558,1.475
190615,0.333,0.311,0.282,0.27,0.258
190616,,,,,
190617,,,,,
190618,0.731,0.685,0.621,0.595,0.57
190619,,,,,
190620,,,,,
190621,2.853,2.581,2.261,2.142,2.031
190622,,,,,
190623,,,,,
190624,1.193,1.113,1.003,0.959,0.916
190625,,,,,
190626,,,,,
190627,,,,,
190628,2.644,2.327,1.981,1.858,1.745
190629,,,,,
190630,2.178,2.039,1.849,1.772,1.698
190701,,,,,
190702,,,,,
190703,,,,,
190704,,,,,
190705,,,,,
190706,,,,,
190707,2.251,1.931,1.603,1.491,1.389
190708,0.085,0.08,0.072,0.069,0.066
190709,,,,,
190710,,,,,
190711,,,,,
190712,,,,,
190713,,,,,
190714,2.003,1.816,1.594,1.511,1.433
190715,,,,,
190716,,,,,
190717,,,,,
190718,,,,,
190719,,,,,
190720,,,,,
190721,,,,,
190722,,,,,
190723,3.815,3.308,2.78,2.596,2.43
190724,,,,,
190725,,,,,
190726,0.076,0.071,0.065,0.062,0.059
190727,,,,,
190728,,,,,
190729,,,,,
190730,3.425,3.078,2.674,2.526,2.387
190731,,,,,
190801,2.651,2.377,2.06,1.945,1.837
190802,,,,,
190803,0.236,0.228,0.221,0.218,0.216
190804,0.458,0.428,0.387,0.371,0.355
190805,,,,,
190806,,,,,
190807,,,,,
190808,,,,,
190809,,,,,
190810,,,,,
190811,,,,,
190812,5.841,4.864,3.914,3.601,3.323
190813,,,,,
190814,,,,,
190815,2.166,1.861,1.548,1.441,1.344
190816,,,,,
190817,3.661,3.415,3.077,2.942,2.811
190818,3.321,3.098,2.792,2.669,2.55
190819,,,,,
190820,,,,,
190821,,,,,
190822,,,,,
190823,,,,,
190824,,,,,
190825,,,,,
190826,,,,,
190827,,,,,
190828,,,,,
190829,,,,,
190830,,,,,
190831,3.361,2.884,2.387,2.216,2.061
190901,,,,,
190902,,,,,
190903,,,,,
190904,1.745,1.628,1.467,1.403,1.34
190905,2.128,1.8,1.47,1.36,1.26
190906,0.229,0.214,0.194,0.186,0.179
190907,,,,,
190908,,,,,
190909,5.882,4.87,3.89,3.57,3.284
190910,,,,,
190911,,,,,
190912,,,,,
190913,,,,,
190914,,,,,
190915,,,,,
190916,,,,,
190917,,,,,
190918,,,,,
190919,,,,,
190920,,,,,
190921,,,,,
190922,,,,,
190923,,,,,
190924,,,,,
190925,,,,,
190926,,,,,
190927,,,,,
190928,,,,,
190929,,,,,
190930,,,,,
191001,,,,,
191002,2.188,2.041,1.839,1.758,1.68
191003,,,,,
191004,5.273,4.366,3.488,3.2,2.944
191005,,,,,
191006,,,,,
191007,,,,,
191008,,,,,
191009,,,,,
191010,,,,,
191011,,,,,
191012,,,,,
191013,,,,,
191014,,,,,
191015,,,,,
191016,,,,,
191017,,,,,
191018,,,,,
191019,,,,,
191020,,,,,
191021,,,,,
191022,,,,,
191023,,,,,
191024,,,,,
191025,,,,,
191026,,,,,
191027,7.376,6.224,5.067,4.678,4.33
191028,,,,,
191029,,,,,
191030,,,,,
191031,,,,,
191101,,,,,
191102,,,,,
191103,,,,,
191104,,,,,
191105,,,,,
191106,,,,,
191107,,,,,
191108,,,,,
191109,,,,,
191110,,,,,
191111,,,,,
191112,,,,,
191113,,,,,
191114,,,,,
191115,,,,,
191116,,,,,
191117,,,,,
191118,,,,,
191119,1.553,1.499,1.449,1.433,1.418
191120,,,,,
191121,,,,,
191122,,,,,
191123,,,,,
191124,,,,,
191125,,,,,
191126,,,,,
191127,,,,,
191128,,,,,
191129,,,,,
191130,,,,,
191201,,,,,
191202,,,,,
191203,,,,,
191204,,,,,
191205,2.214,2.066,1.861,1.779,1.7
191206,,,,,
191207,5.258,4.354,3.478,3.191,2.936
191208,,,,,
191209,,,,,
191210,,,,,
191211,,,,,
191212,,,,,
191213,,,,,
191214,,,,,
191215,,,,,
191216,,,,,
191217,,,,,
191218,,,,,
191219,,,,,
191220,,,,,
191221,,,,,
191222,,,,,
191223,,,,,
191224,,,,,
191225,,,,,
191226,,,,,
191227,,,,,
191228,,,,,
191229,,,,,
191230,,,,,
191231,,,,,
200101,,,,,
200102,,,,,
200103,,,,,
200104,,,,,
200105,,,,,
200106,,,,,
200107,,,,,
200108,,,,,
200109,,,,,
200110,,,,,
200111,,,,,
200112,,,,,
200113,,,,,
200114,,,,,
200115,,,,,
200116,,,,,
200117,,,,,
200118,,,,,
200119,,,,,
200120,,,,,
200121,,,,,
200122,,,,,
200123,,,,,
200124,2.881,2.413,1.955,1.803,1.668
200125,,,,,
200126,,,,,
200127,,,,,
200128,,,,,
200129,,,,,
200130,,,,,
200131,3.296,3.078,2.778,2.657,2.542
200201,,,,,
200202,,,,,
200203,,,,,
200204,,,,,
200205,,,,,
200206,,,,,
200207,,,,,
200208,,,,,
200209,,,,,
200210,,,,,
200211,,,,,
200212,,,,,
200213,,,,,
200214,,,,,
200215,,,,,
200216,,,,,
200217,,,,,
200218,,,,,
200219,,,,,
200220,,,,,
200221,,,,,
200222,,,,,
200223,,,,,
200224,,,,,
200225,3.176,2.963,2.67,2.552,2.439
200226,,,,,
200227,,,,,
200228,,,,,
200301,,,,,
200302,,,,,
200303,,,,,
200304,,,,,
200305,,,,,
200306,,,,,
200307,,,,,
200308,,,,,
200309,,,,,
200310,,,,,
200311,,,,,
200312,,,,,
200313,,,,,
200314,,,,,
200315,,,,,
200316,,,,,
200317,,,,,
200318,,,,,
200319,,,,,
200320,3.218,3.002,2.705,2.586,2.471
200321,,,,,
200322,,,,,
200323,,,,,
200324,0.269,0.233,0.195,0.182,0.17
200325,,,,,
200326,,,,,
200327,0.686,0.599,0.506,0.474,0.444
200328,,,,,
200329,,,,,
200330,,,,,
200331,,,,,
200401,,,,,
200402,,,,,
200403,,,,,
200404,,,,,
200405,,,,,
200406,0.091,0.085,0.077,0.074,0.071
200407,,,,,
200408,,,,,
200409,,,,,
200410,,,,,
200411,,,,,
200412,,,,,
200413,,,,,
200414,4.79,4.11,3.413,3.176,2.96
200415,,,,,
200416,,,,,
200417,1.272,1.187,1.069,1.022,0.977
200418,,,,,
200419,,,,,
200420,,,,,
200421,,,,,
200422,,,,,
200423,,,,,
200424,,,,,
200425,2.961,2.768,2.501,2.395,2.291
200426,,,,,
200427,,,,,
200428,,,,,
200429,,,,,
200430,,,,,
200501,,,,,
200502,,,,,
200503,,,,,
200504,,,,,
200505,,,,,
200506,,,,,
200507,5.387,5.026,4.528,4.33,4.136
200508,,,,,
200509,,,,,
200510,,,,,
200511,,,,,
200512,,,,,
200513,,,,,
200514,,,,,
200515,,,,,
200516,,,,,
200517,,,,,
200518,,,,,
200519,,,,,
200520,,,,,
200521,,,,,
200522,,,,,
200523,,,,,
200524,,,,,
200525,,,,,
200526,,,,,
200527,0.377,0.353,0.32,0.307,0.294
200528,,,,,
200529,,,,,
200530,,,,,
200531,,,,,
200601,,,,,
200602,,,,,
200603,,,,,
200604,,,,,
200605,,,,,
200606,,,,,
200607,,,,,
200608,,,,,
200609,3.627,3.127,2.603,2.422,2.258
200610,,,,,
200611,,,,,
200612,,,,,
200613,,,,,
200614,,,,,
200615,,,,,
200616,,,,,
200617,3.22,2.888,2.513,2.375,2.248
200618,0.536,0.502,0.455,0.436,0.418
200619,,,,,
200620,,,,,
200621,,,,,
200622,,,,,
200623,,,,,
200624,5.559,4.71,3.86,3.575,3.319
200625,2.101,1.96,1.766,1.688,1.613
200626,,,,,
200627,,,,,
200628,,,,,
200629,,,,,
200630,,,,,
200701,0.639,0.565,0.483,0.454,0.427
200702,,,,,
200703,,,,,
200704,,,,,
200705,,,,,
200706,,,,,
200707,,,,,
200708,,,,,
200709,,,,,
200710,,,,,
200711,,,,,
200712,,,,,
200713,,,,,
200714,,,,,
200715,,,,,
200716,,,,,
200717,,,,,
200718,,,,,
200719,0.763,0.668,0.565,0.529,0.495
200720,1.478,1.272,1.062,0.989,0.924
200721,,,,,
200722,0.807,0.756,0.685,0.657,0.629
200723,,,,,
200724,,,,,
200725,,,,,
200726,,,,,
200727,0.357,0.334,0.302,0.29,0.278
200728,,,,,
200729,,,,,
200730,1.161,1.006,0.842,0.785,0.734
200731,,,,,
200801,,,,,
200802,2.507,2.342,2.114,2.024,1.935
200803,,,,,
200804,0.455,0.416,0.368,0.351,0.333
200805,,,,,
200806,,,,,
200807,1.217,1.14,1.033,0.991,0.949
200808,,,,,
200809,,,,,
200810,,,,,
200811,3.59,2.972,2.375,2.179,2.005
200812,1.746,1.488,1.227,1.138,1.059
200813,,,,,
200814,,,,,
200815,,,,,
200816,,,,,
200817,,,,,
200818,,,,,
200819,,,,,
200820,6.934,5.845,4.764,4.403,4.08
200821,,,,,
200822,,,,,
200823,1.055,0.984,0.887,0.848,0.81
200824,0.161,0.151,0.137,0.131,0.126
200825,,,,,
200826,,,,,
200827,,,,,
200828,2.974,2.775,2.5,2.39,2.284
200829,,,,,
200830,,,,,
200831,,,,,
200901,,,,,
200902,,,,,
200903,5.11,4.231,3.38,3.101,2.853
200904,,,,,
200905,6.313,5.889,5.306,5.073,4.847
200906,3.788,3.381,2.918,2.75,2.594
200907,,,,,
200908,4.861,4.171,3.452,3.205,2.981
200909,,,,,
200910,,,,,
200911,,,,,
200912,,,,,
200913,,,,,
200914,,,,,
200915,,,,,
200916,7.115,5.891,4.707,4.318,3.973
200917,,,,,
200918,,,,,
200919,7.092,5.872,4.691,4.304,3.96
200920,,,,,
200921,2.761,2.286,1.826,1.675,1.542
200922,3.173,2.818,2.418,2.275,2.142
200923,,,,,
200924,,,,,
200925,,,,,
200926,,,,,
200927,,,,,
200928,,,,,
200929,,,,,
200930,,,,,
201001,,,,,
201002,,,,,
201003,,,,,
201004,,,,,
201005,,,,,
201006,,,,,
201007,,,,,
201008,0.412,0.368,0.32,0.302,0.285
201009,,,,,
201010,,,,,
201011,,,,,
201012,,,,,
201013,,,,,
201014,,,,,
201015,,,,,
201016,,,,,
201017,,,,,
201018,,,,,
201019,,,,,
201020,,,,,
201021,,,,,
201022,,,,,
201023,0.834,0.697,0.563,0.519,0.479
201024,,,,,
201025,,,,,
201026,,,,,
201027,,,,,
201028,,,,,
201029,,,,,
201030,,,,,
201031,,,,,
201101,,,,,
201102,,,,,
201103,,,,,
201104,,,,,
201105,,,,,
201106,4.691,4.236,3.717,3.528,3.352
201107,,,,,
201108,2.773,2.296,1.834,1.683,1.548
201109,,,,,
201110,,,,,
201111,,,,,
201112,,,,,
201113,,,,,
201114,,,,,
201115,,,,,
201116,,,,,
201117,,,,,
201118,,,,,
201119,1.18,0.988,0.801,0.739,0.683
201120,,,,,
201121,,,,,
201122,,,,,
201123,,,,,
201124,,,,,
201125,4.112,3.529,2.921,2.711,2.522
201126,,,,,
201127,,,,,
201128,,,,,
201129,,,,,
201130,,,,,
201201,,,,,
201202,,,,,
201203,,,,,
201204,,,,,
201205,5.257,4.904,4.418,4.224,4.036
201206,,,,,
201207,,,,,
201208,5.499,4.719,3.905,3.626,3.372
201209,,,,,
201210,,,,,
201211,,,,,
201212,,,,,
201213,,,,,
201214,,,,,
201215,,,,,
201216,,,,,
201217,3.907,3.432,2.913,2.729,2.561
201218,,,,,
201219,,,,,
201220,,,,,
201221,,,,,
201222,,,,,
201223,,,,,
201224,,,,,
201225,,,,,
201226,4.547,3.902,3.229,2.998,2.789
201227,,,,,
201228,,,,,
201229,,,,,
201230,,,,,
201231,,,,,
