,354nm,388nm,500nm
150101,0.942,0.948,0.96
150102,0.942,0.948,0.96
150103,0.942,0.948,0.96
150104,0.942,0.948,0.96
150105,0.942,0.948,0.96
150106,0.942,0.948,0.96
150107,0.942,0.948,0.96
150108,0.942,0.948,0.96
150109,0.942,0.948,0.96
150110,0.942,0.948,0.96
150111,0.909,0.918,0.936
150112,0.942,0.948,0.96
150113,0.942,0.948,0.96
150114,0.976,0.978,0.983
150115,0.942,0.948,0.96
150116,0.942,0.948,0.96
150117,0.942,0.948,0.96
150118,0.942,0.948,0.96
150119,0.942,0.948,0.96
150120,0.942,0.948,0.96
150121,0.942,0.948,0.96
150122,0.942,0.948,0.96
150123,0.942,0.948,0.96
150124,0.942,0.948,0.96
150125,0.942,0.948,0.96
150126,0.942,0.948,0.96
150127,0.942,0.948,0.96
150128,0.942,0.948,0.96
150129,0.942,0.948,0.96
150130,0.942,0.948,0.96
150131,0.925,0.932,0.948
150201,0.917,0.925,0.942
150202,0.938,0.946,0.958
150203,0.938,0.946,0.958
150204,0.938,0.946,0.958
150205,0.938,0.946,0.958
150206,0.933,0.94,0.954
150207,0.938,0.946,0.958
150208,0.938,0.946,0.958
150209,0.938,0.946,0.958
150210,0.938,0.946,0.958
150211,0.938,0.946,0.958
150212,0.938,0.946,0.958
150213,0.938,0.946,0.958
150214,0.938,0.946,0.958
150215,0.959,0.964,0.972
150216,0.938,0.946,0.958
150217,0.938,0.946,0.958
150218,0.938,0.946,0.958
150219,0.938,0.946,0.958
150220,0.938,0.946,0.958
150221,0.938,0.946,0.958
150222,0.938,0.946,0.958
150223,0.938,0.946,0.958
150224,0.938,0.946,0.958
150225,0.938,0.946,0.958
150226,0.938,0.946,0.958
150227,0.938,0.946,0.958
150228,0.938,0.946,0.958
150301,0.929,0.937,0.951
150302,0.898,0.908,0.928
150303,0.936,0.942,0.956
150304,0.936,0.942,0.956
150305,0.936,0.942,0.956
150306,0.936,0.942,0.956
150307,0.936,0.942,0.956
150308,0.936,0.942,0.956
150309,0.936,0.942,0.956
150310,0.936,0.942,0.956
150311,0.936,0.942,0.956
150312,0.936,0.942,0.956
150313,0.936,0.942,0.956
150314,0.932,0.939,0.953
150315,0.936,0.942,0.956
150316,0.929,0.937,0.951
150317,0.936,0.942,0.956
150318,0.936,0.942,0.956
150319,0.936,0.942,0.956
150320,0.936,0.942,0.956
150321,0.936,0.942,0.956
150322,0.936,0.942,0.956
150323,0.936,0.942,0.956
150324,0.936,0.942,0.956
150325,0.936,0.942,0.956
150326,0.936,0.942,0.956
150327,0.936,0.942,0.956
150328,0.936,0.942,0.956
150329,0.936,0.942,0.956
150330,0.98,0.983,0.987
150331,0.936,0.942,0.956
150401,0.929,0.937,0.951
150402,0.929,0.937,0.951
150403,0.929,0.937,0.951
150404,0.929,0.937,0.951
150405,0.929,0.937,0.951
150406,0.929,0.937,0.951
150407,0.929,0.937,0.951
150408,0.936,0.943,0.956
150409,0.929,0.937,0.951
150410,0.929,0.937,0.951
150411,0.966,0.97,0.977
150412,0.929,0.937,0.951
150413,0.929,0.937,0.951
150414,0.929,0.937,0.951
150415,0.944,0.95,0.962
150416,0.929,0.937,0.951
150417,0.929,0.937,0.951
150418,0.929,0.937,0.951
150419,0.929,0.937,0.951
150420,0.912,0.921,0.939
150421,0.929,0.937,0.951
150422,0.929,0.937,0.951
150423,0.929,0.937,0.951
150424,0.934,0.94,0.954
150425,0.929,0.937,0.951
150426,0.929,0.937,0.951
150427,0.935,0.942,0.955
150428,0.929,0.937,0.951
150429,0.929,0.937,0.951
150430,0.929,0.937,0.951
150501,0.987,0.989,0.991
150502,0.937,0.944,0.957
150503,0.95,0.955,0.966
150504,0.937,0.944,0.957
150505,0.937,0.944,0.957
150506,0.937,0.944,0.957
150507,0.937,0.944,0.957
150508,0.937,0.944,0.957
150509,0.937,0.944,0.957
150510,0.937,0.944,0.957
150511,0.937,0.944,0.957
150512,0.937,0.944,0.957
150513,0.937,0.944,0.957
150514,0.937,0.944,0.957
150515,0.937,0.944,0.957
150516,0.937,0.944,0.957
150517,0.93,0.938,0.956
150518,0.937,0.944,0.957
150519,0.913,0.921,0.939
150520,0.937,0.944,0.957
150521,0.937,0.944,0.957
150522,0.937,0.944,0.957
150523,0.937,0.944,0.957
150524,0.937,0.944,0.957
150525,0.937,0.944,0.957
150526,0.928,0.936,0.951
150527,0.937,0.944,0.957
150528,0.937,0.944,0.957
150529,0.937,0.944,0.957
150530,0.937,0.944,0.957
150531,0.937,0.944,0.957
150601,0.91,0.919,0.936
150602,0.934,0.94,0.954
150603,0.91,0.919,0.936
150604,0.91,0.919,0.936
150605,0.91,0.919,0.936
150606,0.91,0.919,0.936
150607,0.91,0.919,0.936
150608,0.91,0.919,0.936
150609,0.931,0.938,0.952
150610,0.91,0.919,0.936
150611,0.923,0.931,0.947
150612,0.996,0.997,0.998
150613,0.928,0.935,0.95
150614,0.93,0.937,0.952
150615,0.91,0.919,0.937
150616,0.91,0.919,0.936
150617,0.91,0.919,0.936
150618,0.91,0.919,0.936
150619,0.934,0.94,0.954
150620,0.913,0.921,0.938
150621,0.938,0.945,0.957
150622,0.91,0.919,0.936
150623,0.954,0.959,0.969
150624,0.905,0.914,0.932
150625,0.91,0.919,0.936
150626,0.973,0.976,0.982
150627,0.896,0.906,0.926
150628,0.931,0.938,0.952
150629,0.908,0.917,0.935
150630,0.925,0.933,0.948
150701,0.887,0.899,0.922
150702,0.887,0.899,0.922
150703,0.873,0.886,0.909
150704,0.887,0.899,0.922
150705,0.887,0.899,0.922
150706,0.948,0.953,0.964
150707,0.915,0.924,0.941
150708,0.887,0.899,0.922
150709,0.887,0.899,0.922
150710,0.887,0.899,0.922
150711,0.887,0.899,0.922
150712,0.887,0.899,0.922
150713,0.912,0.921,0.938
150714,0.923,0.93,0.947
150715,0.877,0.889,0.912
150716,0.96,0.964,0.973
150717,0.859,0.872,0.897
150718,0.887,0.899,0.922
150719,0.846,0.861,0.887
150720,0.918,0.926,0.943
150721,0.887,0.899,0.922
150722,0.866,0.88,0.905
150723,0.936,0.942,0.956
150724,0.887,0.899,0.922
150725,0.918,0.926,0.942
150726,0.856,0.87,0.895
150727,0.887,0.899,0.922
150728,0.887,0.899,0.922
150729,0.867,0.88,0.905
150730,0.914,0.922,0.938
150731,0.87,0.884,0.907
150801,0.925,0.933,0.948
150802,0.862,0.875,0.9
150803,0.886,0.908,0.927
150804,0.832,0.86,0.887
150805,0.88,0.905,0.925
150806,0.886,0.908,0.927
150807,0.901,0.911,0.931
150808,0.886,0.908,0.927
150809,0.886,0.908,0.927
150810,0.886,0.908,0.927
150811,0.886,0.908,0.927
150812,0.886,0.908,0.927
150813,0.816,0.864,0.89
150814,0.845,0.87,0.895
150815,0.886,0.908,0.927
150816,0.847,0.883,0.906
150817,0.885,0.909,0.929
150818,0.829,0.874,0.898
150819,0.886,0.908,0.927
150820,0.881,0.913,0.933
150821,0.917,0.929,0.946
150822,0.886,0.908,0.927
150823,0.882,0.914,0.933
150824,0.911,0.935,0.952
150825,0.886,0.908,0.927
150826,0.886,0.908,0.927
150827,0.886,0.908,0.927
150828,0.886,0.908,0.927
150829,0.886,0.908,0.927
150830,0.886,0.908,0.927
150831,0.886,0.908,0.927
150901,0.923,0.942,0.957
150902,0.93,0.938,0.952
150903,0.923,0.942,0.957
150904,0.923,0.942,0.957
150905,0.923,0.942,0.957
150906,0.939,0.946,0.958
150907,0.923,0.942,0.957
150908,0.923,0.942,0.957
150909,0.923,0.942,0.957
150910,0.923,0.942,0.957
150911,0.912,0.936,0.953
150912,0.923,0.942,0.957
150913,0.905,0.914,0.933
150914,0.923,0.942,0.957
150915,0.898,0.926,0.944
150916,0.923,0.942,0.957
150917,0.923,0.942,0.957
150918,0.919,0.937,0.953
150919,0.923,0.942,0.957
150920,0.923,0.942,0.957
150921,0.923,0.942,0.957
150922,0.923,0.942,0.957
150923,0.923,0.942,0.957
150924,0.923,0.942,0.957
150925,0.923,0.942,0.957
150926,0.923,0.942,0.957
150927,0.948,0.963,0.975
150928,0.923,0.942,0.957
150929,0.923,0.942,0.957
150930,0.923,0.942,0.957
151001,0.937,0.949,0.962
151002,0.937,0.949,0.962
151003,0.937,0.949,0.962
151004,0.936,0.954,0.968
151005,0.952,0.966,0.977
151006,0.937,0.949,0.962
151007,0.937,0.949,0.962
151008,0.937,0.949,0.962
151009,0.937,0.949,0.962
151010,0.937,0.949,0.962
151011,0.937,0.949,0.962
151012,0.944,0.95,0.961
151013,0.937,0.949,0.962
151014,0.937,0.949,0.962
151015,0.937,0.949,0.962
151016,0.937,0.949,0.962
151017,0.937,0.949,0.962
151018,0.937,0.949,0.962
151019,0.937,0.949,0.962
151020,0.937,0.949,0.962
151021,0.937,0.949,0.962
151022,0.937,0.949,0.962
151023,0.937,0.949,0.962
151024,0.942,0.959,0.972
151025,0.953,0.966,0.978
151026,0.937,0.949,0.962
151027,0.978,0.98,0.985
151028,0.937,0.949,0.962
151029,0.937,0.949,0.962
151030,0.937,0.949,0.962
151031,0.937,0.949,0.962
151101,0.956,0.968,0.979
151102,0.964,0.968,0.975
151103,0.936,0.945,0.958
151104,0.936,0.945,0.958
151105,0.936,0.945,0.958
151106,0.936,0.945,0.958
151107,0.936,0.945,0.958
151108,0.936,0.945,0.958
151109,0.936,0.945,0.958
151110,0.936,0.945,0.958
151111,0.936,0.945,0.958
151112,0.936,0.945,0.958
151113,0.936,0.945,0.958
151114,0.936,0.945,0.958
151115,0.936,0.945,0.958
151116,0.936,0.945,0.958
151117,0.936,0.945,0.958
151118,0.936,0.945,0.958
151119,0.936,0.945,0.958
151120,0.936,0.945,0.958
151121,0.936,0.945,0.958
151122,0.936,0.945,0.958
151123,0.936,0.945,0.958
151124,0.936,0.945,0.958
151125,0.936,0.945,0.958
151126,0.936,0.945,0.958
151127,0.936,0.945,0.958
151128,0.936,0.945,0.958
151129,0.936,0.945,0.958
151130,0.936,0.945,0.958
151201,0.934,0.942,0.955
151202,0.934,0.942,0.955
151203,0.961,0.972,0.982
151204,0.934,0.942,0.955
151205,0.934,0.942,0.955
151206,0.934,0.942,0.955
151207,0.964,0.968,0.975
151208,0.934,0.942,0.955
151209,0.934,0.942,0.955
151210,0.934,0.942,0.955
151211,0.934,0.942,0.955
151212,0.934,0.942,0.955
151213,0.934,0.942,0.955
151214,0.934,0.942,0.955
151215,0.934,0.942,0.955
151216,0.934,0.942,0.955
151217,0.934,0.942,0.955
151218,0.934,0.942,0.955
151219,0.934,0.942,0.955
151220,0.934,0.942,0.955
151221,0.934,0.942,0.955
151222,0.934,0.942,0.955
151223,0.934,0.942,0.955
151224,0.934,0.942,0.955
151225,0.934,0.942,0.955
151226,0.934,0.942,0.955
151227,0.934,0.942,0.955
151228,0.934,0.942,0.955
151229,0.934,0.942,0.955
151230,0.934,0.942,0.955
151231,0.934,0.942,0.955
160101,0.942,0.948,0.96
160102,0.942,0.948,0.96
160103,0.942,0.948,0.96
160104,0.942,0.948,0.96
160105,0.959,0.963,0.972
160106,0.958,0.962,0.971
160107,0.942,0.948,0.96
160108,0.926,0.934,0.949
160109,0.942,0.948,0.96
160110,0.942,0.948,0.96
160111,0.942,0.948,0.96
160112,0.942,0.948,0.96
160113,0.942,0.948,0.96
160114,0.942,0.948,0.96
160115,0.942,0.948,0.96
160116,0.942,0.948,0.96
160117,0.942,0.948,0.96
160118,0.942,0.948,0.96
160119,0.942,0.948,0.96
160120,0.942,0.948,0.96
160121,0.959,0.963,0.972
160122,0.942,0.948,0.96
160123,0.942,0.948,0.96
160124,0.942,0.948,0.96
160125,0.942,0.948,0.96
160126,0.942,0.948,0.96
160127,0.942,0.948,0.96
160128,0.927,0.935,0.95
160129,0.942,0.948,0.96
160130,0.942,0.948,0.96
160131,0.942,0.948,0.96
160201,0.938,0.946,0.958
160202,0.938,0.946,0.958
160203,0.938,0.946,0.958
160204,0.938,0.946,0.958
160205,0.938,0.946,0.958
160206,0.938,0.946,0.958
160207,0.995,0.996,0.997
160208,0.938,0.946,0.958
160209,0.952,0.957,0.967
160210,0.938,0.946,0.958
160211,0.938,0.946,0.958
160212,0.938,0.946,0.958
160213,0.926,0.933,0.949
160214,0.929,0.937,0.951
160215,0.938,0.946,0.958
160216,0.958,0.962,0.971
160217,0.938,0.946,0.958
160218,0.938,0.946,0.958
160219,0.938,0.946,0.958
160220,0.938,0.946,0.958
160221,0.938,0.946,0.958
160222,0.938,0.946,0.958
160223,0.938,0.946,0.958
160224,0.938,0.946,0.958
160225,0.938,0.946,0.958
160226,0.938,0.946,0.958
160227,0.938,0.946,0.958
160228,0.938,0.946,0.958
160301,0.938,0.946,0.958
160302,0.936,0.942,0.956
160303,0.936,0.942,0.956
160304,0.936,0.942,0.956
160305,0.936,0.942,0.956
160306,0.936,0.942,0.956
160307,0.936,0.942,0.956
160308,0.936,0.942,0.956
160309,0.936,0.942,0.956
160310,0.944,0.95,0.962
160311,0.936,0.942,0.956
160312,0.936,0.942,0.956
160313,0.936,0.942,0.956
160314,0.936,0.942,0.956
160315,0.936,0.942,0.956
160316,0.936,0.942,0.956
160317,0.936,0.942,0.956
160318,0.936,0.942,0.956
160319,0.936,0.942,0.956
160320,0.936,0.942,0.956
160321,0.936,0.942,0.956
160322,0.965,0.969,0.976
160323,0.936,0.942,0.956
160324,0.936,0.942,0.956
160325,0.936,0.942,0.956
160326,0.936,0.942,0.956
160327,0.936,0.942,0.956
160328,0.936,0.942,0.956
160329,0.936,0.942,0.956
160330,0.936,0.942,0.956
160331,0.936,0.942,0.956
160401,0.936,0.942,0.956
160402,0.929,0.937,0.951
160403,0.929,0.937,0.951
160404,0.952,0.957,0.967
160405,0.945,0.951,0.962
160406,0.929,0.937,0.951
160407,0.929,0.937,0.951
160408,0.929,0.937,0.951
160409,0.929,0.937,0.951
160410,0.929,0.937,0.951
160411,0.95,0.955,0.966
160412,0.929,0.937,0.951
160413,0.929,0.937,0.951
160414,0.945,0.951,0.963
160415,0.929,0.937,0.951
160416,0.929,0.937,0.951
160417,0.929,0.937,0.951
160418,0.929,0.937,0.951
160419,0.929,0.937,0.951
160420,0.936,0.943,0.956
160421,0.933,0.94,0.953
160422,0.929,0.937,0.951
160423,0.929,0.937,0.951
160424,0.929,0.937,0.951
160425,0.929,0.937,0.951
160426,0.929,0.937,0.951
160427,0.942,0.948,0.961
160428,0.929,0.937,0.951
160429,0.909,0.918,0.935
160430,0.863,0.876,0.902
160501,0.887,0.898,0.919
160502,0.937,0.944,0.957
160503,0.952,0.957,0.967
160504,0.952,0.957,0.968
160505,0.937,0.944,0.957
160506,0.937,0.944,0.957
160507,0.937,0.944,0.957
160508,0.937,0.944,0.957
160509,0.948,0.953,0.964
160510,0.937,0.944,0.957
160511,0.937,0.944,0.957
160512,0.937,0.944,0.957
160513,0.937,0.944,0.957
160514,0.937,0.944,0.957
160515,0.937,0.944,0.957
160516,0.937,0.944,0.957
160517,0.937,0.944,0.957
160518,0.937,0.944,0.957
160519,0.937,0.944,0.957
160520,0.937,0.944,0.957
160521,0.937,0.944,0.957
160522,0.937,0.944,0.957
160523,0.937,0.944,0.957
160524,0.937,0.944,0.957
160525,0.932,0.939,0.953
160526,0.886,0.897,0.919
160527,0.937,0.944,0.957
160528,0.937,0.944,0.957
160529,0.929,0.936,0.951
160530,0.937,0.944,0.957
160531,0.937,0.944,0.957
160601,0.937,0.944,0.957
160602,0.91,0.919,0.936
160603,0.91,0.919,0.936
160604,0.91,0.919,0.936
160605,0.91,0.919,0.936
160606,0.91,0.919,0.936
160607,0.91,0.919,0.936
160608,0.91,0.919,0.936
160609,0.91,0.919,0.936
160610,0.91,0.919,0.936
160611,0.91,0.919,0.936
160612,0.91,0.919,0.936
160613,0.91,0.919,0.936
160614,0.91,0.919,0.936
160615,0.936,0.942,0.955
160616,0.891,0.901,0.922
160617,0.91,0.919,0.936
160618,0.91,0.919,0.936
160619,0.91,0.919,0.936
160620,0.91,0.919,0.936
160621,0.892,0.903,0.925
160622,0.943,0.949,0.961
160623,0.885,0.896,0.917
160624,0.927,0.935,0.949
160625,0.858,0.876,0.9
160626,0.91,0.919,0.936
160627,0.91,0.919,0.936
160628,0.88,0.893,0.917
160629,0.851,0.865,0.891
160630,0.875,0.887,0.911
160701,0.91,0.919,0.936
160702,0.881,0.893,0.916
160703,0.865,0.878,0.902
160704,0.835,0.854,0.89
160705,0.887,0.899,0.922
160706,0.856,0.871,0.898
160707,0.918,0.926,0.943
160708,0.906,0.915,0.934
160709,0.874,0.886,0.91
160710,0.887,0.899,0.922
160711,0.857,0.874,0.899
160712,0.945,0.95,0.962
160713,0.887,0.899,0.922
160714,0.887,0.899,0.922
160715,0.887,0.899,0.922
160716,0.91,0.919,0.937
160717,0.95,0.955,0.966
160718,0.853,0.868,0.896
160719,0.828,0.844,0.874
160720,0.847,0.865,0.892
160721,0.887,0.899,0.922
160722,0.875,0.892,0.927
160723,0.833,0.85,0.882
160724,0.931,0.938,0.952
160725,0.86,0.874,0.9
160726,0.943,0.949,0.96
160727,0.887,0.899,0.922
160728,0.917,0.925,0.942
160729,0.848,0.874,0.898
160730,0.874,0.89,0.913
160731,0.893,0.913,0.931
160801,0.87,0.886,0.909
160802,0.949,0.954,0.964
160803,0.815,0.844,0.874
160804,0.864,0.882,0.906
160805,0.838,0.865,0.891
160806,0.886,0.908,0.927
160807,0.886,0.908,0.927
160808,0.886,0.908,0.927
160809,0.886,0.908,0.927
160810,0.886,0.908,0.927
160811,0.886,0.908,0.927
160812,0.886,0.908,0.927
160813,0.931,0.938,0.952
160814,0.886,0.908,0.927
160815,0.886,0.908,0.927
160816,0.886,0.908,0.927
160817,0.944,0.95,0.962
160818,0.886,0.908,0.927
160819,0.886,0.908,0.927
160820,0.886,0.908,0.927
160821,0.886,0.908,0.927
160822,0.886,0.908,0.927
160823,0.876,0.899,0.919
160824,0.844,0.873,0.898
160825,0.886,0.908,0.927
160826,0.893,0.922,0.941
160827,0.913,0.937,0.954
160828,0.886,0.908,0.927
160829,0.886,0.908,0.927
160830,0.886,0.908,0.927
160831,0.886,0.908,0.927
160901,0.911,0.92,0.938
160902,0.923,0.942,0.957
160903,0.923,0.942,0.957
160904,0.923,0.942,0.957
160905,0.974,0.977,0.982
160906,0.912,0.921,0.939
160907,0.923,0.942,0.957
160908,0.913,0.935,0.948
160909,0.898,0.916,0.935
160910,0.911,0.935,0.952
160911,0.888,0.918,0.938
160912,0.922,0.944,0.96
160913,0.923,0.942,0.957
160914,0.923,0.942,0.957
160915,0.923,0.942,0.957
160916,0.923,0.942,0.957
160917,0.954,0.968,0.979
160918,0.914,0.938,0.955
160919,0.923,0.942,0.957
160920,0.923,0.942,0.957
160921,0.923,0.942,0.957
160922,0.923,0.942,0.957
160923,0.923,0.942,0.957
160924,0.923,0.942,0.957
160925,0.923,0.942,0.957
160926,0.923,0.942,0.957
160927,0.923,0.942,0.957
160928,0.923,0.942,0.957
160929,0.923,0.942,0.957
160930,0.923,0.942,0.957
161001,0.923,0.942,0.957
161002,0.937,0.949,0.962
161003,0.937,0.949,0.962
161004,0.937,0.949,0.962
161005,0.977,0.979,0.984
161006,0.937,0.949,0.962
161007,0.937,0.949,0.962
161008,0.937,0.949,0.962
161009,0.937,0.949,0.962
161010,0.937,0.949,0.962
161011,0.937,0.949,0.962
161012,0.937,0.949,0.962
161013,0.937,0.949,0.962
161014,0.937,0.949,0.962
161015,0.937,0.949,0.962
161016,0.937,0.949,0.962
161017,0.937,0.949,0.962
161018,0.937,0.949,0.962
161019,0.937,0.955,0.969
161020,0.924,0.946,0.961
161021,0.937,0.949,0.962
161022,0.937,0.949,0.962
161023,0.937,0.949,0.962
161024,0.937,0.949,0.962
161025,0.937,0.949,0.962
161026,0.937,0.949,0.962
161027,0.937,0.949,0.962
161028,0.937,0.949,0.962
161029,0.937,0.949,0.962
161030,0.943,0.948,0.96
161031,0.937,0.949,0.962
161101,0.937,0.949,0.962
161102,0.936,0.945,0.958
161103,0.936,0.945,0.958
161104,0.936,0.945,0.958
161105,0.936,0.945,0.958
161106,0.929,0.936,0.951
161107,0.943,0.949,0.961
161108,0.936,0.945,0.958
161109,0.936,0.945,0.958
161110,0.936,0.945,0.958
161111,0.936,0.945,0.958
161112,0.936,0.945,0.958
161113,0.936,0.945,0.958
161114,0.936,0.945,0.958
161115,0.901,0.924,0.942
161116,0.936,0.945,0.958
161117,0.936,0.945,0.958
161118,0.936,0.945,0.958
161119,0.936,0.945,0.958
161120,0.936,0.945,0.958
161121,0.936,0.945,0.958
161122,0.936,0.945,0.958
161123,0.936,0.945,0.958
161124,0.936,0.945,0.958
161125,0.936,0.945,0.958
161126,0.936,0.945,0.958
161127,0.936,0.945,0.958
161128,0.942,0.948,0.96
161129,0.936,0.945,0.958
161130,0.928,0.935,0.95
161201,0.936,0.945,0.958
161202,0.934,0.942,0.955
161203,0.934,0.942,0.955
161204,0.934,0.942,0.955
161205,0.934,0.942,0.955
161206,0.934,0.942,0.955
161207,0.925,0.933,0.948
161208,0.921,0.929,0.945
161209,0.934,0.942,0.955
161210,0.934,0.942,0.955
161211,0.934,0.942,0.955
161212,0.934,0.942,0.955
161213,0.934,0.942,0.955
161214,0.934,0.942,0.955
161215,0.934,0.942,0.955
161216,0.934,0.942,0.955
161217,0.934,0.942,0.955
161218,0.934,0.942,0.955
161219,0.934,0.942,0.955
161220,0.934,0.942,0.955
161221,0.934,0.942,0.955
161222,0.934,0.942,0.955
161223,0.934,0.942,0.955
161224,0.934,0.942,0.955
161225,0.935,0.942,0.956
161226,0.934,0.942,0.955
161227,0.934,0.942,0.955
161228,0.934,0.942,0.955
161229,0.934,0.942,0.955
161230,0.934,0.942,0.955
161231,0.934,0.942,0.955
170101,0.942,0.948,0.96
170102,0.903,0.912,0.932
170103,0.971,0.974,0.98
170104,0.942,0.948,0.96
170105,0.962,0.966,0.974
170106,0.942,0.948,0.96
170107,0.949,0.954,0.965
170108,0.942,0.948,0.96
170109,0.942,0.948,0.96
170110,0.942,0.948,0.96
170111,0.942,0.948,0.96
170112,0.942,0.948,0.96
170113,0.942,0.948,0.96
170114,0.942,0.948,0.96
170115,0.942,0.948,0.96
170116,0.942,0.948,0.96
170117,0.942,0.948,0.96
170118,0.942,0.948,0.96
170119,0.942,0.948,0.96
170120,0.942,0.948,0.96
170121,0.942,0.948,0.96
170122,0.942,0.948,0.96
170123,0.942,0.948,0.96
170124,0.942,0.948,0.96
170125,0.942,0.948,0.96
170126,0.942,0.948,0.96
170127,0.942,0.948,0.96
170128,0.942,0.948,0.96
170129,0.942,0.948,0.96
170130,0.942,0.948,0.96
170131,0.942,0.948,0.96
170201,0.938,0.946,0.958
170202,0.938,0.946,0.958
170203,0.938,0.946,0.958
170204,0.938,0.946,0.958
170205,0.938,0.946,0.958
170206,0.938,0.946,0.958
170207,0.938,0.946,0.958
170208,0.938,0.946,0.958
170209,0.938,0.946,0.958
170210,0.938,0.946,0.958
170211,0.938,0.946,0.958
170212,0.938,0.946,0.958
170213,0.938,0.946,0.958
170214,0.938,0.946,0.958
170215,0.938,0.946,0.958
170216,0.938,0.946,0.958
170217,0.938,0.946,0.958
170218,0.938,0.946,0.958
170219,0.938,0.946,0.958
170220,0.938,0.946,0.958
170221,0.938,0.946,0.958
170222,0.938,0.946,0.958
170223,0.938,0.946,0.958
170224,0.938,0.946,0.958
170225,0.938,0.946,0.958
170226,0.938,0.946,0.958
170227,0.908,0.933,0.951
170228,0.938,0.946,0.958
170301,0.936,0.942,0.956
170302,0.936,0.942,0.956
170303,0.936,0.942,0.956
170304,0.936,0.942,0.956
170305,0.936,0.942,0.956
170306,0.936,0.942,0.956
170307,0.936,0.942,0.956
170308,0.936,0.942,0.956
170309,0.936,0.942,0.956
170310,0.936,0.942,0.956
170311,0.936,0.942,0.956
170312,0.936,0.942,0.956
170313,0.936,0.942,0.956
170314,0.936,0.942,0.956
170315,0.936,0.942,0.956
170316,0.936,0.942,0.956
170317,0.936,0.942,0.956
170318,0.936,0.942,0.956
170319,0.936,0.942,0.956
170320,0.936,0.942,0.956
170321,0.936,0.942,0.956
170322,0.936,0.942,0.956
170323,0.936,0.942,0.956
170324,0.936,0.942,0.956
170325,0.936,0.942,0.956
170326,0.936,0.942,0.956
170327,0.936,0.942,0.956
170328,0.932,0.939,0.953
170329,0.936,0.942,0.956
170330,0.936,0.942,0.956
170331,0.936,0.942,0.956
170401,0.929,0.937,0.951
170402,0.929,0.937,0.951
170403,0.929,0.937,0.951
170404,0.929,0.937,0.951
170405,0.929,0.937,0.951
170406,0.949,0.954,0.965
170407,0.929,0.937,0.951
170408,0.929,0.937,0.951
170409,0.922,0.93,0.946
170410,0.929,0.937,0.951
170411,0.929,0.937,0.951
170412,0.929,0.937,0.951
170413,0.929,0.937,0.951
170414,0.929,0.937,0.951
170415,0.929,0.937,0.951
170416,0.912,0.921,0.939
170417,0.929,0.937,0.951
170418,0.929,0.937,0.951
170419,0.929,0.937,0.951
170420,0.935,0.942,0.955
170421,0.929,0.937,0.951
170422,0.929,0.937,0.951
170423,0.929,0.937,0.951
170424,0.929,0.937,0.951
170425,0.929,0.937,0.951
170426,0.929,0.937,0.951
170427,0.929,0.937,0.951
170428,0.944,0.95,0.961
170429,0.901,0.911,0.93
170430,0.929,0.937,0.951
170501,0.937,0.944,0.957
170502,0.974,0.977,0.982
170503,0.937,0.944,0.957
170504,0.937,0.944,0.957
170505,0.937,0.944,0.957
170506,0.935,0.941,0.955
170507,0.937,0.944,0.957
170508,0.937,0.944,0.957
170509,0.937,0.944,0.957
170510,0.937,0.944,0.957
170511,0.937,0.944,0.957
170512,0.937,0.944,0.957
170513,0.937,0.944,0.957
170514,0.937,0.944,0.957
170515,0.937,0.944,0.957
170516,0.926,0.933,0.948
170517,0.937,0.944,0.957
170518,0.937,0.944,0.957
170519,0.937,0.944,0.957
170520,0.937,0.944,0.957
170521,0.937,0.944,0.957
170522,0.951,0.956,0.966
170523,0.937,0.944,0.957
170524,0.937,0.944,0.957
170525,0.937,0.944,0.957
170526,0.937,0.944,0.957
170527,0.937,0.944,0.957
170528,0.887,0.898,0.919
170529,0.937,0.944,0.957
170530,0.937,0.944,0.957
170531,0.937,0.944,0.957
170601,0.91,0.919,0.936
170602,0.91,0.919,0.936
170603,0.91,0.919,0.936
170604,0.91,0.919,0.936
170605,0.91,0.919,0.936
170606,0.91,0.919,0.936
170607,0.894,0.905,0.925
170608,0.951,0.957,0.967
170609,0.938,0.945,0.958
170610,0.91,0.919,0.936
170611,0.874,0.886,0.909
170612,0.91,0.919,0.936
170613,0.903,0.912,0.931
170614,0.91,0.919,0.936
170615,0.91,0.919,0.936
170616,0.9,0.91,0.929
170617,0.96,0.964,0.973
170618,0.903,0.913,0.932
170619,0.968,0.971,0.978
170620,0.879,0.89,0.913
170621,0.91,0.919,0.936
170622,0.926,0.934,0.947
170623,0.931,0.938,0.952
170624,0.91,0.919,0.936
170625,0.905,0.914,0.933
170626,0.934,0.941,0.954
170627,0.891,0.902,0.923
170628,0.935,0.942,0.955
170629,0.852,0.866,0.892
170630,0.91,0.919,0.936
170701,0.941,0.947,0.96
170702,0.854,0.869,0.895
170703,0.95,0.955,0.966
170704,0.826,0.842,0.872
170705,0.924,0.932,0.948
170706,0.893,0.904,0.925
170707,0.887,0.899,0.922
170708,0.852,0.874,0.924
170709,0.849,0.864,0.892
170710,0.933,0.94,0.954
170711,0.834,0.856,0.904
170712,0.859,0.873,0.898
170713,0.84,0.856,0.885
170714,0.9,0.91,0.929
170715,0.905,0.914,0.932
170716,0.907,0.916,0.935
170717,0.866,0.893,0.947
170718,0.846,0.861,0.888
170719,0.807,0.825,0.858
170720,0.873,0.885,0.909
170721,0.894,0.906,0.93
170722,0.89,0.901,0.923
170723,0.887,0.899,0.922
170724,0.887,0.899,0.922
170725,0.891,0.903,0.928
170726,0.87,0.883,0.907
170727,0.842,0.863,0.908
170728,0.874,0.887,0.91
170729,0.87,0.888,0.913
170730,0.86,0.874,0.902
170731,0.852,0.87,0.898
170801,0.886,0.908,0.927
170802,0.947,0.952,0.963
170803,0.882,0.894,0.916
170804,0.921,0.928,0.944
170805,0.855,0.869,0.895
170806,0.878,0.9,0.921
170807,0.886,0.908,0.927
170808,0.886,0.908,0.927
170809,0.886,0.908,0.927
170810,0.886,0.908,0.927
170811,0.886,0.908,0.927
170812,0.886,0.908,0.927
170813,0.943,0.949,0.961
170814,0.886,0.908,0.927
170815,0.886,0.908,0.927
170816,0.886,0.908,0.927
170817,0.886,0.908,0.927
170818,0.886,0.908,0.927
170819,0.923,0.931,0.947
170820,0.886,0.908,0.927
170821,0.886,0.908,0.927
170822,0.942,0.948,0.96
170823,0.812,0.861,0.887
170824,0.886,0.908,0.927
170825,0.886,0.908,0.927
170826,0.906,0.932,0.95
170827,0.871,0.906,0.926
170828,0.9,0.927,0.945
170829,0.886,0.908,0.927
170830,0.886,0.908,0.927
170831,0.886,0.908,0.927
170901,0.899,0.927,0.945
170902,0.923,0.942,0.957
170903,0.936,0.954,0.968
170904,0.913,0.937,0.954
170905,0.923,0.942,0.957
170906,0.898,0.926,0.944
170907,0.926,0.947,0.962
170908,0.923,0.942,0.957
170909,0.923,0.942,0.957
170910,0.956,0.969,0.979
170911,0.923,0.942,0.957
170912,0.923,0.942,0.957
170913,0.932,0.951,0.966
170914,0.923,0.942,0.957
170915,0.944,0.96,0.973
170916,0.919,0.941,0.957
170917,0.883,0.915,0.934
170918,0.885,0.915,0.934
170919,0.922,0.943,0.959
170920,0.925,0.946,0.962
170921,0.947,0.962,0.974
170922,0.942,0.958,0.972
170923,0.946,0.962,0.974
170924,0.948,0.963,0.975
170925,0.923,0.942,0.957
170926,0.955,0.968,0.979
170927,0.923,0.942,0.957
170928,0.923,0.942,0.957
170929,0.923,0.942,0.957
170930,0.923,0.942,0.957
171001,0.937,0.949,0.962
171002,0.937,0.949,0.962
171003,0.937,0.949,0.962
171004,0.937,0.949,0.962
171005,0.937,0.949,0.962
171006,0.925,0.946,0.962
171007,0.937,0.949,0.962
171008,0.937,0.949,0.962
171009,0.929,0.949,0.964
171010,0.937,0.949,0.962
171011,0.937,0.949,0.962
171012,0.937,0.949,0.962
171013,0.968,0.972,0.979
171014,0.937,0.949,0.962
171015,0.937,0.949,0.962
171016,0.947,0.953,0.964
171017,0.937,0.949,0.962
171018,0.935,0.953,0.967
171019,0.937,0.949,0.962
171020,0.937,0.949,0.962
171021,0.937,0.949,0.962
171022,0.937,0.949,0.962
171023,0.937,0.949,0.962
171024,0.954,0.959,0.968
171025,0.937,0.949,0.962
171026,0.937,0.949,0.962
171027,0.937,0.949,0.962
171028,0.937,0.949,0.962
171029,0.937,0.949,0.962
171030,0.945,0.951,0.962
171031,0.951,0.956,0.967
171101,0.971,0.974,0.981
171102,0.936,0.945,0.958
171103,0.936,0.945,0.958
171104,0.936,0.945,0.958
171105,0.936,0.945,0.958
171106,0.936,0.945,0.958
171107,0.938,0.945,0.958
171108,0.936,0.945,0.958
171109,0.936,0.945,0.958
171110,0.936,0.945,0.958
171111,0.936,0.945,0.958
171112,0.936,0.945,0.958
171113,0.936,0.945,0.958
171114,0.936,0.945,0.958
171115,0.936,0.945,0.958
171116,0.936,0.945,0.958
171117,0.936,0.945,0.958
171118,0.936,0.945,0.958
171119,0.936,0.945,0.958
171120,0.936,0.945,0.958
171121,0.936,0.945,0.958
171122,0.936,0.945,0.958
171123,0.942,0.948,0.961
171124,0.936,0.945,0.958
171125,0.936,0.945,0.958
171126,0.936,0.945,0.958
171127,0.936,0.945,0.958
171128,0.936,0.945,0.958
171129,0.936,0.945,0.958
171130,0.939,0.946,0.958
171201,0.934,0.942,0.955
171202,0.934,0.942,0.955
171203,0.934,0.942,0.955
171204,0.934,0.942,0.955
171205,0.934,0.942,0.955
171206,0.934,0.942,0.955
171207,0.934,0.942,0.955
171208,0.934,0.942,0.955
171209,0.959,0.964,0.972
171210,0.934,0.942,0.955
171211,0.934,0.942,0.955
171212,0.916,0.924,0.941
171213,0.934,0.942,0.955
171214,0.934,0.942,0.955
171215,0.934,0.942,0.955
171216,0.934,0.942,0.955
171217,0.934,0.942,0.955
171218,0.934,0.942,0.955
171219,0.934,0.942,0.955
171220,0.934,0.942,0.955
171221,0.934,0.942,0.955
171222,0.934,0.942,0.955
171223,0.959,0.964,0.972
171224,0.934,0.942,0.955
171225,0.934,0.942,0.955
171226,0.934,0.942,0.955
171227,0.934,0.942,0.955
171228,0.934,0.942,0.955
171229,0.934,0.942,0.955
171230,0.934,0.942,0.955
171231,0.934,0.942,0.955
180101,0.928,0.936,0.95
180102,0.942,0.948,0.96
180103,0.95,0.955,0.966
180104,0.999,0.999,0.999
180105,0.942,0.948,0.96
180106,0.942,0.948,0.96
180107,0.942,0.948,0.96
180108,0.942,0.948,0.96
180109,0.942,0.948,0.96
180110,0.942,0.948,0.96
180111,0.942,0.948,0.96
180112,0.942,0.948,0.96
180113,0.943,0.949,0.961
180114,0.942,0.948,0.96
180115,0.942,0.948,0.96
180116,0.942,0.948,0.96
180117,0.942,0.948,0.96
180118,0.942,0.948,0.96
180119,0.909,0.918,0.937
180120,0.942,0.948,0.96
180121,0.942,0.948,0.96
180122,0.942,0.948,0.96
180123,0.942,0.948,0.96
180124,0.901,0.911,0.931
180125,0.942,0.948,0.96
180126,0.942,0.948,0.96
180127,0.942,0.948,0.96
180128,0.942,0.948,0.96
180129,0.942,0.948,0.96
180130,0.942,0.948,0.96
180131,0.942,0.948,0.96
180201,0.938,0.946,0.958
180202,0.938,0.946,0.958
180203,0.938,0.946,0.958
180204,0.938,0.946,0.958
180205,0.938,0.946,0.958
180206,0.938,0.946,0.958
180207,0.938,0.946,0.958
180208,0.938,0.946,0.958
180209,0.938,0.946,0.958
180210,0.938,0.946,0.958
180211,0.945,0.95,0.962
180212,0.938,0.946,0.958
180213,0.938,0.946,0.958
180214,0.938,0.946,0.958
180215,0.938,0.946,0.958
180216,0.938,0.946,0.958
180217,0.938,0.946,0.958
180218,0.938,0.946,0.958
180219,0.938,0.946,0.958
180220,0.938,0.946,0.958
180221,0.938,0.946,0.958
180222,0.938,0.946,0.958
180223,0.938,0.946,0.958
180224,0.938,0.946,0.958
180225,0.938,0.946,0.958
180226,0.938,0.946,0.958
180227,0.938,0.946,0.958
180228,0.942,0.948,0.96
180301,0.936,0.942,0.956
180302,0.938,0.945,0.958
180303,0.932,0.939,0.953
180304,0.936,0.942,0.956
180305,0.936,0.942,0.956
180306,0.95,0.956,0.966
180307,0.936,0.942,0.956
180308,0.936,0.942,0.956
180309,0.962,0.967,0.975
180310,0.936,0.942,0.956
180311,0.936,0.942,0.956
180312,0.936,0.942,0.956
180313,0.936,0.942,0.956
180314,0.936,0.942,0.956
180315,0.936,0.942,0.956
180316,0.936,0.942,0.956
180317,0.936,0.942,0.956
180318,0.936,0.942,0.956
180319,0.936,0.942,0.956
180320,0.936,0.942,0.956
180321,0.936,0.942,0.956
180322,0.893,0.904,0.925
180323,0.936,0.942,0.956
180324,0.936,0.942,0.956
180325,0.936,0.942,0.956
180326,0.936,0.942,0.956
180327,0.936,0.942,0.956
180328,0.936,0.942,0.956
180329,0.936,0.942,0.956
180330,0.936,0.942,0.956
180331,0.936,0.942,0.956
180401,0.929,0.937,0.951
180402,0.929,0.937,0.951
180403,0.929,0.937,0.951
180404,0.929,0.937,0.951
180405,0.929,0.937,0.951
180406,0.929,0.937,0.951
180407,0.929,0.937,0.951
180408,0.929,0.937,0.951
180409,0.929,0.937,0.951
180410,0.929,0.937,0.951
180411,0.929,0.937,0.951
180412,0.929,0.937,0.951
180413,0.929,0.937,0.951
180414,0.929,0.937,0.951
180415,0.929,0.937,0.951
180416,0.929,0.937,0.951
180417,0.929,0.937,0.951
180418,0.929,0.937,0.951
180419,0.929,0.937,0.951
180420,0.929,0.937,0.951
180421,0.929,0.937,0.951
180422,0.929,0.937,0.951
180423,0.929,0.937,0.951
180424,0.929,0.937,0.951
180425,0.929,0.937,0.951
180426,0.914,0.923,0.94
180427,0.929,0.937,0.951
180428,0.943,0.949,0.961
180429,0.929,0.937,0.951
180430,0.929,0.937,0.951
180501,0.937,0.944,0.957
180502,0.937,0.944,0.957
180503,0.937,0.944,0.957
180504,0.937,0.944,0.957
180505,0.937,0.944,0.957
180506,0.937,0.944,0.957
180507,0.937,0.944,0.957
180508,0.937,0.944,0.957
180509,0.942,0.948,0.96
180510,0.937,0.944,0.957
180511,0.937,0.944,0.957
180512,0.937,0.944,0.957
180513,0.937,0.944,0.957
180514,0.937,0.944,0.957
180515,0.937,0.944,0.957
180516,0.937,0.944,0.957
180517,0.937,0.944,0.957
180518,0.937,0.944,0.957
180519,0.937,0.944,0.957
180520,0.937,0.944,0.957
180521,0.937,0.944,0.957
180522,0.937,0.944,0.957
180523,0.937,0.944,0.957
180524,0.878,0.89,0.913
180525,0.922,0.93,0.946
180526,0.937,0.944,0.957
180527,0.948,0.953,0.964
180528,0.984,0.986,0.989
180529,0.937,0.944,0.957
180530,0.937,0.944,0.957
180531,0.937,0.944,0.957
180601,0.91,0.919,0.936
180602,0.91,0.919,0.936
180603,0.91,0.919,0.936
180604,0.91,0.919,0.936
180605,0.878,0.89,0.912
180606,0.91,0.919,0.936
180607,0.91,0.919,0.936
180608,0.91,0.919,0.936
180609,0.91,0.919,0.936
180610,0.933,0.94,0.954
180611,0.91,0.919,0.936
180612,0.91,0.919,0.936
180613,0.953,0.958,0.967
180614,0.91,0.919,0.936
180615,0.91,0.919,0.936
180616,0.889,0.9,0.921
180617,0.91,0.919,0.936
180618,0.875,0.887,0.909
180619,0.867,0.884,0.915
180620,0.949,0.954,0.965
180621,0.906,0.915,0.934
180622,0.902,0.912,0.931
180623,0.868,0.881,0.905
180624,0.91,0.919,0.936
180625,0.909,0.918,0.935
180626,0.877,0.889,0.913
180627,0.938,0.944,0.957
180628,0.85,0.865,0.891
180629,0.897,0.907,0.926
180630,0.846,0.861,0.887
180701,0.852,0.866,0.892
180702,0.89,0.901,0.921
180703,0.826,0.849,0.896
180704,0.93,0.938,0.952
180705,0.873,0.885,0.908
180706,0.943,0.949,0.96
180707,0.889,0.9,0.921
180708,0.895,0.906,0.926
180709,0.853,0.868,0.897
180710,0.887,0.899,0.922
180711,0.885,0.896,0.916
180712,0.829,0.845,0.874
180713,0.954,0.959,0.968
180714,0.906,0.915,0.933
180715,0.887,0.899,0.922
180716,0.887,0.899,0.922
180717,0.939,0.945,0.958
180718,0.857,0.871,0.896
180719,0.887,0.899,0.922
180720,0.941,0.947,0.958
180721,0.901,0.912,0.932
180722,0.913,0.922,0.939
180723,0.849,0.864,0.893
180724,0.853,0.867,0.893
180725,0.827,0.847,0.886
180726,0.887,0.899,0.922
180727,0.87,0.888,0.925
180728,0.846,0.862,0.892
180729,0.887,0.899,0.922
180730,0.933,0.94,0.954
180731,0.887,0.899,0.922
180801,0.886,0.908,0.927
180802,0.886,0.908,0.927
180803,0.886,0.908,0.927
180804,0.886,0.908,0.927
180805,0.886,0.908,0.927
180806,0.947,0.953,0.964
180807,0.982,0.984,0.988
180808,0.886,0.908,0.927
180809,0.941,0.947,0.959
180810,0.877,0.889,0.911
180811,0.886,0.908,0.927
180812,0.886,0.908,0.927
180813,0.928,0.935,0.95
180814,0.886,0.908,0.927
180815,0.886,0.908,0.927
180816,0.965,0.969,0.976
180817,0.947,0.953,0.964
180818,0.922,0.93,0.946
180819,0.886,0.908,0.927
180820,0.886,0.908,0.927
180821,0.92,0.931,0.946
180822,0.848,0.865,0.891
180823,0.938,0.944,0.956
180824,0.886,0.908,0.927
180825,0.886,0.908,0.927
180826,0.886,0.908,0.927
180827,0.886,0.908,0.927
180828,0.842,0.878,0.901
180829,0.938,0.944,0.957
180830,0.886,0.908,0.927
180831,0.886,0.908,0.927
180901,0.923,0.942,0.957
180902,0.923,0.942,0.957
180903,0.942,0.948,0.961
180904,0.84,0.862,0.889
180905,0.817,0.86,0.886
180906,0.893,0.904,0.924
180907,0.888,0.917,0.936
180908,0.918,0.941,0.957
180909,0.89,0.92,0.939
180910,0.923,0.942,0.957
180911,0.923,0.942,0.957
180912,0.923,0.942,0.957
180913,0.923,0.942,0.957
180914,0.923,0.942,0.957
180915,0.923,0.942,0.957
180916,0.923,0.942,0.957
180917,0.922,0.93,0.946
180918,0.923,0.942,0.957
180919,0.927,0.935,0.95
180920,0.923,0.942,0.957
180921,0.923,0.942,0.957
180922,0.978,0.98,0.985
180923,0.938,0.944,0.957
180924,0.923,0.942,0.957
180925,0.923,0.942,0.957
180926,0.923,0.942,0.957
180927,0.923,0.942,0.957
180928,0.923,0.942,0.957
180929,0.923,0.942,0.957
180930,0.963,0.967,0.975
181001,0.937,0.949,0.962
181002,0.937,0.949,0.962
181003,0.946,0.951,0.963
181004,0.937,0.949,0.962
181005,0.937,0.949,0.962
181006,0.937,0.949,0.962
181007,0.937,0.949,0.962
181008,0.937,0.949,0.962
181009,0.954,0.959,0.968
181010,0.938,0.944,0.958
181011,0.937,0.949,0.962
181012,0.937,0.949,0.962
181013,0.937,0.949,0.962
181014,0.937,0.949,0.962
181015,0.937,0.949,0.962
181016,0.937,0.949,0.962
181017,0.937,0.949,0.962
181018,0.937,0.949,0.962
181019,0.937,0.949,0.962
181020,0.937,0.949,0.962
181021,0.937,0.949,0.962
181022,0.937,0.949,0.962
181023,0.937,0.949,0.962
181024,0.937,0.949,0.962
181025,0.937,0.949,0.962
181026,0.937,0.949,0.962
181027,0.937,0.949,0.962
181028,0.937,0.949,0.962
181029,0.937,0.949,0.962
181030,0.937,0.949,0.962
181031,0.937,0.949,0.962
181101,0.936,0.945,0.958
181102,0.937,0.955,0.969
181103,0.936,0.945,0.958
181104,0.951,0.956,0.967
181105,0.919,0.927,0.943
181106,0.936,0.945,0.958
181107,0.936,0.945,0.958
181108,0.936,0.945,0.958
181109,0.936,0.945,0.958
181110,0.945,0.951,0.963
181111,0.936,0.945,0.958
181112,0.936,0.945,0.958
181113,0.936,0.945,0.958
181114,0.936,0.945,0.958
181115,0.936,0.945,0.958
181116,0.936,0.945,0.958
181117,0.936,0.945,0.958
181118,0.936,0.945,0.958
181119,0.936,0.945,0.958
181120,0.936,0.945,0.958
181121,0.936,0.945,0.958
181122,0.932,0.939,0.953
181123,0.936,0.945,0.958
181124,0.936,0.945,0.958
181125,0.936,0.945,0.958
181126,0.932,0.939,0.953
181127,0.936,0.945,0.958
181128,0.936,0.945,0.958
181129,0.936,0.945,0.958
181130,0.936,0.945,0.958
181201,0.934,0.942,0.955
181202,0.934,0.942,0.955
181203,0.934,0.942,0.955
181204,0.934,0.942,0.955
181205,0.934,0.942,0.955
181206,0.934,0.942,0.955
181207,0.934,0.942,0.955
181208,0.934,0.942,0.955
181209,0.934,0.942,0.955
181210,0.932,0.939,0.953
181211,0.934,0.942,0.955
181212,0.943,0.949,0.961
181213,0.934,0.942,0.955
181214,0.934,0.942,0.955
181215,0.934,0.942,0.955
181216,0.934,0.942,0.955
181217,0.934,0.942,0.955
181218,0.934,0.942,0.955
181219,0.934,0.942,0.955
181220,0.934,0.942,0.955
181221,0.934,0.942,0.955
181222,0.937,0.943,0.957
181223,0.934,0.942,0.955
181224,0.934,0.942,0.955
181225,0.934,0.942,0.955
181226,0.934,0.942,0.955
181227,0.934,0.942,0.955
181228,0.934,0.942,0.955
181229,0.934,0.942,0.955
181230,0.934,0.942,0.955
181231,0.934,0.942,0.955
190101,0.942,0.948,0.96
190102,0.942,0.948,0.96
190103,0.942,0.948,0.96
190104,0.948,0.953,0.965
190105,0.942,0.948,0.96
190106,0.942,0.948,0.96
190107,0.942,0.948,0.96
190108,0.942,0.948,0.96
190109,0.942,0.948,0.96
190110,0.942,0.948,0.96
190111,0.942,0.948,0.96
190112,0.942,0.948,0.96
190113,0.942,0.948,0.96
190114,0.942,0.948,0.96
190115,0.935,0.941,0.955
190116,0.942,0.948,0.96
190117,0.942,0.948,0.96
190118,0.942,0.948,0.96
190119,0.942,0.948,0.96
190120,0.942,0.948,0.96
190121,0.942,0.948,0.96
190122,0.942,0.948,0.96
190123,0.942,0.948,0.96
190124,0.942,0.948,0.96
190125,0.942,0.948,0.96
190126,0.942,0.948,0.96
190127,0.942,0.948,0.96
190128,0.942,0.948,0.96
190129,0.942,0.948,0.96
190130,0.942,0.948,0.96
190131,0.942,0.948,0.96
190201,0.938,0.946,0.958
190202,0.938,0.946,0.958
190203,0.938,0.946,0.958
190204,0.938,0.946,0.958
190205,0.965,0.968,0.976
190206,0.938,0.946,0.958
190207,0.938,0.946,0.958
190208,0.958,0.962,0.971
190209,0.938,0.946,0.958
190210,0.938,0.946,0.958
190211,0.938,0.946,0.958
190212,0.926,0.934,0.949
190213,0.938,0.946,0.958
190214,0.938,0.946,0.958
190215,0.938,0.946,0.958
190216,0.938,0.946,0.958
190217,0.938,0.946,0.958
190218,0.938,0.946,0.958
190219,0.938,0.946,0.958
190220,0.938,0.946,0.958
190221,0.92,0.928,0.944
190222,0.938,0.946,0.958
190223,0.925,0.933,0.948
190224,0.938,0.946,0.958
190225,0.938,0.946,0.958
190226,0.938,0.946,0.958
190227,0.938,0.946,0.958
190228,0.938,0.946,0.958
190301,0.936,0.942,0.956
190302,0.929,0.936,0.951
190303,0.949,0.954,0.965
190304,0.936,0.942,0.956
190305,0.936,0.942,0.956
190306,0.936,0.942,0.956
190307,0.936,0.942,0.956
190308,0.936,0.942,0.956
190309,0.953,0.958,0.968
190310,0.936,0.942,0.956
190311,0.936,0.942,0.956
190312,0.936,0.942,0.956
190313,0.936,0.942,0.956
190314,0.936,0.942,0.956
190315,0.936,0.942,0.956
190316,0.936,0.942,0.956
190317,0.936,0.942,0.956
190318,0.951,0.956,0.967
190319,0.936,0.942,0.956
190320,0.892,0.903,0.924
190321,0.936,0.942,0.956
190322,0.936,0.942,0.956
190323,0.936,0.942,0.956
190324,0.936,0.942,0.956
190325,0.926,0.934,0.949
190326,0.936,0.942,0.956
190327,0.936,0.942,0.956
190328,0.936,0.942,0.956
190329,0.936,0.942,0.956
190330,0.936,0.942,0.956
190331,0.936,0.942,0.956
190401,0.929,0.937,0.951
190402,0.929,0.937,0.951
190403,0.929,0.937,0.951
190404,0.929,0.937,0.951
190405,0.929,0.937,0.951
190406,0.929,0.937,0.951
190407,0.929,0.937,0.951
190408,0.929,0.937,0.951
190409,0.929,0.937,0.951
190410,0.936,0.942,0.956
190411,0.929,0.937,0.951
190412,0.894,0.905,0.925
190413,0.929,0.937,0.951
190414,0.929,0.937,0.951
190415,0.929,0.937,0.951
190416,0.929,0.937,0.951
190417,0.929,0.937,0.951
190418,0.929,0.937,0.951
190419,0.942,0.948,0.96
190420,0.929,0.937,0.951
190421,0.929,0.937,0.951
190422,0.929,0.937,0.951
190423,0.929,0.937,0.951
190424,0.929,0.937,0.951
190425,0.929,0.937,0.951
190426,0.929,0.937,0.951
190427,0.929,0.937,0.951
190428,0.929,0.937,0.951
190429,0.929,0.937,0.951
190430,0.929,0.937,0.951
190501,0.937,0.944,0.957
190502,0.937,0.944,0.957
190503,0.937,0.944,0.957
190504,0.937,0.944,0.957
190505,0.952,0.957,0.967
190506,0.952,0.957,0.968
190507,0.92,0.928,0.944
190508,0.92,0.928,0.944
190509,0.937,0.944,0.957
190510,0.937,0.944,0.957
190511,0.937,0.944,0.957
190512,0.905,0.926,0.966
190513,0.937,0.944,0.957
190514,0.937,0.944,0.957
190515,0.97,0.973,0.98
190516,0.995,0.996,0.997
190517,0.898,0.908,0.928
190518,0.909,0.918,0.936
190519,0.937,0.944,0.957
190520,0.937,0.944,0.957
190521,0.937,0.944,0.957
190522,0.991,0.992,0.994
190523,0.937,0.944,0.957
190524,0.937,0.944,0.957
190525,0.937,0.944,0.957
190526,0.937,0.944,0.957
190527,0.937,0.944,0.957
190528,0.95,0.955,0.966
190529,0.937,0.944,0.957
190530,0.937,0.944,0.957
190531,0.926,0.935,0.95
190601,0.91,0.919,0.936
190602,0.91,0.919,0.936
190603,0.91,0.919,0.936
190604,0.91,0.919,0.936
190605,0.888,0.899,0.92
190606,0.897,0.908,0.927
190607,0.91,0.919,0.936
190608,0.929,0.937,0.951
190609,0.91,0.919,0.936
190610,0.91,0.919,0.936
190611,0.91,0.919,0.936
190612,0.91,0.919,0.936
190613,0.92,0.928,0.944
190614,0.91,0.919,0.936
190615,0.855,0.869,0.894
190616,0.968,0.971,0.978
190617,0.866,0.879,0.903
190618,0.882,0.894,0.915
190619,0.956,0.96,0.969
190620,0.906,0.915,0.934
190621,0.917,0.925,0.942
190622,0.903,0.912,0.931
190623,0.934,0.941,0.955
190624,0.901,0.911,0.93
190625,0.91,0.919,0.936
190626,0.91,0.919,0.936
190627,0.91,0.919,0.936
190628,0.91,0.919,0.936
190629,0.931,0.938,0.953
190630,0.91,0.919,0.936
190701,0.866,0.879,0.903
190702,0.887,0.899,0.922
190703,0.874,0.888,0.914
190704,0.887,0.899,0.922
190705,0.887,0.899,0.922
190706,0.887,0.899,0.922
190707,0.946,0.952,0.964
190708,0.844,0.863,0.902
190709,0.883,0.895,0.917
190710,0.872,0.885,0.908
190711,0.906,0.916,0.934
190712,0.887,0.899,0.922
190713,0.887,0.899,0.922
190714,0.855,0.869,0.895
190715,0.935,0.941,0.955
190716,0.887,0.899,0.922
190717,0.931,0.939,0.953
190718,0.95,0.955,0.966
190719,0.907,0.916,0.934
190720,0.903,0.913,0.932
190721,0.887,0.899,0.922
190722,0.896,0.906,0.927
190723,0.887,0.899,0.922
190724,0.913,0.927,0.943
190725,0.962,0.966,0.974
190726,0.85,0.864,0.891
190727,0.877,0.89,0.912
190728,0.851,0.868,0.893
190729,0.887,0.899,0.922
190730,0.887,0.899,0.922
190731,0.913,0.922,0.939
190801,0.961,0.965,0.974
190802,0.886,0.908,0.927
190803,0.958,0.963,0.971
190804,0.836,0.86,0.887
190805,0.801,0.833,0.889
190806,0.885,0.897,0.918
190807,0.886,0.908,0.927
190808,0.886,0.908,0.927
190809,0.886,0.908,0.927
190810,0.898,0.926,0.944
190811,0.841,0.879,0.902
190812,0.853,0.892,0.914
190813,0.87,0.905,0.925
190814,0.886,0.908,0.927
190815,0.842,0.884,0.907
190816,0.863,0.9,0.921
190817,0.886,0.908,0.927
190818,0.886,0.908,0.927
190819,0.886,0.908,0.927
190820,0.886,0.908,0.927
190821,0.889,0.919,0.938
190822,0.877,0.91,0.93
190823,0.886,0.917,0.936
190824,0.886,0.917,0.936
190825,0.886,0.908,0.927
190826,0.886,0.908,0.927
190827,0.886,0.908,0.927
190828,0.886,0.908,0.927
190829,0.872,0.907,0.927
190830,0.886,0.908,0.927
190831,0.886,0.908,0.927
190901,0.91,0.935,0.952
190902,0.923,0.942,0.957
190903,0.923,0.942,0.957
190904,0.963,0.967,0.975
190905,0.904,0.931,0.948
190906,0.918,0.941,0.957
190907,0.951,0.965,0.977
190908,0.923,0.942,0.957
190909,0.894,0.923,0.941
190910,0.939,0.945,0.958
190911,0.934,0.953,0.967
190912,0.933,0.952,0.967
190913,0.923,0.942,0.957
190914,0.935,0.954,0.968
190915,0.923,0.942,0.957
190916,0.923,0.942,0.957
190917,0.93,0.95,0.965
190918,0.923,0.942,0.957
190919,0.923,0.942,0.957
190920,0.923,0.942,0.957
190921,0.923,0.942,0.957
190922,0.923,0.942,0.957
190923,0.923,0.942,0.957
190924,0.908,0.933,0.951
190925,0.922,0.944,0.96
190926,0.942,0.958,0.972
190927,0.946,0.961,0.974
190928,0.923,0.942,0.957
190929,0.933,0.94,0.954
190930,0.923,0.942,0.957
191001,0.937,0.949,0.962
191002,0.937,0.949,0.962
191003,0.934,0.941,0.955
191004,0.937,0.949,0.962
191005,0.916,0.925,0.942
191006,0.937,0.949,0.962
191007,0.937,0.949,0.962
191008,0.892,0.903,0.924
191009,0.937,0.949,0.962
191010,0.937,0.949,0.962
191011,0.937,0.949,0.962
191012,0.937,0.949,0.962
191013,0.937,0.949,0.962
191014,0.937,0.949,0.962
191015,0.937,0.949,0.962
191016,0.937,0.949,0.962
191017,0.937,0.949,0.962
191018,0.937,0.949,0.962
191019,0.92,0.928,0.944
191020,0.937,0.949,0.962
191021,0.937,0.949,0.962
191022,0.943,0.949,0.96
191023,0.937,0.949,0.962
191024,0.937,0.949,0.962
191025,0.937,0.949,0.962
191026,0.961,0.965,0.973
191027,0.937,0.949,0.962
191028,0.924,0.932,0.948
191029,0.937,0.949,0.962
191030,0.937,0.949,0.962
191031,0.937,0.949,0.962
191101,0.936,0.945,0.958
191102,0.936,0.945,0.958
191103,0.936,0.945,0.958
191104,0.934,0.941,0.955
191105,0.936,0.945,0.958
191106,0.936,0.945,0.958
191107,0.975,0.978,0.983
191108,0.936,0.945,0.958
191109,0.936,0.945,0.958
191110,0.936,0.945,0.958
191111,0.936,0.945,0.958
191112,0.936,0.945,0.958
191113,0.936,0.945,0.958
191114,0.936,0.945,0.958
191115,0.936,0.945,0.958
191116,0.936,0.945,0.958
191117,0.936,0.945,0.958
191118,0.936,0.945,0.958
191119,0.936,0.945,0.958
191120,0.936,0.945,0.958
191121,0.936,0.945,0.958
191122,0.936,0.945,0.958
191123,0.936,0.945,0.958
191124,0.936,0.945,0.958
191125,0.936,0.945,0.958
191126,0.936,0.945,0.958
191127,0.936,0.945,0.958
191128,0.936,0.945,0.958
191129,0.936,0.945,0.958
191130,0.936,0.945,0.958
191201,0.922,0.93,0.946
191202,0.934,0.942,0.955
191203,0.934,0.942,0.955
191204,0.934,0.942,0.955
191205,0.934,0.942,0.955
191206,0.934,0.942,0.955
191207,0.934,0.942,0.955
191208,0.934,0.942,0.955
191209,0.934,0.942,0.955
191210,0.951,0.957,0.967
191211,0.934,0.942,0.955
191212,0.934,0.942,0.955
191213,0.934,0.942,0.955
191214,0.934,0.942,0.955
191215,0.921,0.929,0.945
191216,0.934,0.942,0.955
191217,0.934,0.942,0.955
191218,0.934,0.942,0.955
191219,0.934,0.942,0.955
191220,0.934,0.942,0.955
191221,0.934,0.942,0.955
191222,0.922,0.93,0.946
191223,0.934,0.942,0.955
191224,0.934,0.942,0.955
191225,0.934,0.942,0.955
191226,0.967,0.971,0.978
191227,0.934,0.942,0.955
191228,0.934,0.942,0.955
191229,0.934,0.942,0.955
191230,0.934,0.942,0.955
191231,0.939,0.945,0.957
200101,0.942,0.948,0.96
200102,0.942,0.948,0.96
200103,0.942,0.948,0.96
200104,0.942,0.948,0.96
200105,0.942,0.948,0.96
200106,0.942,0.948,0.96
200107,0.942,0.948,0.96
200108,0.942,0.948,0.96
200109,0.942,0.948,0.96
200110,0.942,0.948,0.96
200111,0.942,0.948,0.96
200112,0.942,0.948,0.96
200113,0.942,0.948,0.96
200114,0.942,0.948,0.96
200115,0.942,0.948,0.96
200116,0.942,0.948,0.96
200117,0.942,0.948,0.96
200118,0.942,0.948,0.96
200119,0.942,0.948,0.96
200120,0.942,0.948,0.96
200121,0.942,0.948,0.96
200122,0.942,0.948,0.96
200123,0.942,0.948,0.96
200124,0.942,0.948,0.96
200125,0.942,0.948,0.96
200126,0.942,0.948,0.96
200127,0.942,0.948,0.96
200128,0.942,0.948,0.96
200129,0.942,0.948,0.96
200130,0.942,0.948,0.96
200131,0.942,0.948,0.96
200201,0.938,0.946,0.958
200202,0.938,0.946,0.958
200203,0.938,0.946,0.958
200204,0.938,0.946,0.958
200205,0.938,0.946,0.958
200206,0.938,0.946,0.958
200207,0.938,0.946,0.958
200208,0.938,0.946,0.958
200209,0.938,0.946,0.958
200210,0.938,0.946,0.958
200211,0.938,0.946,0.958
200212,0.938,0.946,0.958
200213,0.938,0.946,0.958
200214,0.938,0.946,0.958
200215,0.916,0.925,0.942
200216,0.938,0.946,0.958
200217,0.919,0.927,0.944
200218,0.938,0.946,0.958
200219,0.938,0.946,0.958
200220,0.938,0.946,0.958
200221,0.938,0.946,0.958
200222,0.938,0.946,0.958
200223,0.938,0.946,0.958
200224,0.938,0.946,0.958
200225,0.938,0.946,0.958
200226,0.938,0.946,0.958
200227,0.938,0.946,0.958
200228,0.938,0.946,0.958
200301,0.938,0.946,0.958
200302,0.936,0.942,0.956
200303,0.957,0.961,0.971
200304,0.936,0.942,0.956
200305,0.936,0.942,0.956
200306,0.936,0.942,0.956
200307,0.936,0.942,0.956
200308,0.936,0.942,0.956
200309,0.936,0.942,0.956
200310,0.936,0.942,0.956
200311,0.936,0.942,0.956
200312,0.936,0.942,0.956
200313,0.936,0.942,0.956
200314,0.931,0.938,0.952
200315,0.936,0.942,0.956
200316,0.936,0.942,0.956
200317,0.936,0.942,0.956
200318,0.936,0.942,0.956
200319,0.925,0.933,0.948
200320,0.936,0.942,0.956
200321,0.936,0.942,0.956
200322,0.936,0.942,0.956
200323,0.936,0.942,0.956
200324,0.918,0.926,0.943
200325,0.936,0.942,0.956
200326,0.936,0.942,0.956
200327,0.939,0.945,0.957
200328,0.936,0.942,0.956
200329,0.936,0.942,0.956
200330,0.936,0.942,0.956
200331,0.936,0.942,0.956
200401,0.936,0.942,0.956
200402,0.929,0.937,0.951
200403,0.929,0.937,0.951
200404,0.929,0.937,0.951
200405,0.929,0.937,0.951
200406,0.918,0.926,0.943
200407,0.929,0.937,0.951
200408,0.929,0.937,0.951
200409,0.929,0.937,0.951
200410,0.929,0.937,0.951
200411,0.929,0.937,0.951
200412,0.929,0.937,0.951
200413,0.929,0.937,0.951
200414,0.929,0.937,0.951
200415,0.956,0.961,0.97
200416,0.929,0.937,0.951
200417,0.929,0.937,0.951
200418,0.929,0.937,0.951
200419,0.921,0.929,0.945
200420,0.95,0.955,0.966
200421,0.929,0.937,0.951
200422,0.937,0.944,0.957
200423,0.929,0.937,0.951
200424,0.929,0.937,0.951
200425,0.929,0.937,0.951
200426,0.929,0.937,0.951
200427,0.929,0.937,0.951
200428,0.929,0.937,0.951
200429,0.891,0.902,0.923
200430,0.929,0.937,0.951
200501,0.946,0.951,0.963
200502,0.99,0.991,0.993
200503,0.903,0.912,0.931
200504,0.937,0.944,0.957
200505,0.937,0.944,0.957
200506,0.937,0.944,0.957
200507,0.937,0.944,0.957
200508,0.937,0.944,0.957
200509,0.944,0.95,0.961
200510,0.927,0.935,0.95
200511,0.937,0.944,0.957
200512,0.937,0.944,0.957
200513,0.937,0.944,0.957
200514,0.937,0.944,0.957
200515,0.937,0.944,0.957
200516,0.937,0.944,0.957
200517,0.937,0.944,0.957
200518,0.937,0.944,0.957
200519,0.937,0.944,0.957
200520,0.937,0.944,0.957
200521,0.937,0.944,0.957
200522,0.944,0.95,0.961
200523,0.937,0.944,0.957
200524,0.937,0.944,0.957
200525,0.937,0.944,0.957
200526,0.941,0.947,0.959
200527,0.937,0.944,0.957
200528,0.888,0.899,0.919
200529,0.937,0.944,0.957
200530,0.937,0.944,0.957
200531,0.937,0.944,0.957
200601,0.937,0.944,0.957
200602,0.929,0.936,0.951
200603,0.91,0.919,0.936
200604,0.91,0.919,0.936
200605,0.91,0.919,0.936
200606,0.91,0.919,0.936
200607,0.91,0.919,0.936
200608,0.918,0.926,0.943
200609,0.904,0.913,0.933
200610,0.936,0.942,0.956
200611,0.895,0.906,0.926
200612,0.91,0.919,0.936
200613,0.91,0.919,0.936
200614,0.91,0.919,0.936
200615,0.91,0.919,0.936
200616,0.911,0.92,0.938
200617,0.91,0.919,0.936
200618,0.898,0.908,0.928
200619,0.904,0.913,0.932
200620,0.88,0.892,0.914
200621,0.883,0.894,0.916
200622,0.831,0.847,0.876
200623,0.88,0.892,0.915
200624,0.822,0.839,0.868
200625,0.938,0.944,0.957
200626,0.91,0.919,0.936
200627,0.91,0.919,0.937
200628,0.954,0.959,0.969
200629,0.933,0.939,0.954
200630,0.91,0.919,0.936
200701,0.971,0.974,0.98
200702,0.929,0.937,0.951
200703,0.887,0.899,0.922
200704,0.924,0.932,0.947
200705,0.978,0.98,0.985
200706,0.887,0.899,0.922
200707,0.887,0.899,0.922
200708,0.887,0.899,0.922
200709,0.887,0.899,0.922
200710,0.816,0.833,0.864
200711,0.881,0.893,0.915
200712,0.948,0.953,0.964
200713,0.876,0.889,0.912
200714,0.887,0.899,0.922
200715,0.887,0.899,0.922
200716,0.887,0.899,0.922
200717,0.838,0.871,0.896
200718,0.875,0.887,0.91
200719,0.929,0.936,0.951
200720,0.891,0.907,0.927
200721,0.887,0.899,0.922
200722,0.846,0.862,0.889
200723,0.887,0.899,0.922
200724,0.871,0.884,0.909
200725,0.915,0.923,0.941
200726,0.887,0.899,0.922
200727,0.892,0.903,0.923
200728,0.949,0.954,0.965
200729,0.887,0.899,0.922
200730,0.887,0.899,0.922
200731,0.832,0.848,0.878
200801,0.887,0.899,0.922
200802,0.844,0.882,0.905
200803,0.866,0.88,0.907
200804,0.894,0.904,0.924
200805,0.875,0.891,0.913
200806,0.886,0.908,0.927
200807,0.84,0.869,0.895
200808,0.886,0.908,0.927
200809,0.841,0.873,0.897
200810,0.887,0.898,0.919
200811,0.886,0.908,0.927
200812,0.868,0.903,0.924
200813,0.875,0.908,0.928
200814,0.893,0.922,0.941
200815,0.886,0.908,0.927
200816,0.886,0.908,0.927
200817,0.886,0.908,0.927
200818,0.886,0.908,0.927
200819,0.863,0.9,0.921
200820,0.886,0.908,0.927
200821,0.886,0.908,0.927
200822,0.886,0.908,0.927
200823,0.886,0.908,0.927
200824,0.886,0.908,0.927
200825,0.844,0.886,0.908
200826,0.879,0.904,0.924
200827,0.886,0.908,0.927
200828,0.795,0.848,0.877
200829,0.886,0.908,0.927
200830,0.886,0.908,0.927
200831,0.886,0.908,0.927
200901,0.886,0.908,0.927
200902,0.923,0.942,0.957
200903,0.882,0.914,0.933
200904,0.904,0.93,0.948
200905,0.923,0.942,0.957
200906,0.921,0.943,0.959
200907,0.916,0.939,0.956
200908,0.931,0.951,0.965
200909,0.923,0.942,0.957
200910,0.911,0.936,0.953
200911,0.914,0.938,0.954
200912,0.941,0.958,0.971
200913,0.938,0.956,0.969
200914,0.951,0.965,0.976
200915,0.938,0.955,0.969
200916,0.923,0.942,0.957
200917,0.919,0.941,0.958
200918,0.923,0.942,0.957
200919,0.941,0.958,0.971
200920,0.943,0.96,0.972
200921,0.954,0.967,0.978
200922,0.945,0.961,0.973
200923,0.923,0.942,0.957
200924,0.923,0.942,0.957
200925,0.923,0.942,0.957
200926,0.923,0.942,0.957
200927,0.923,0.942,0.957
200928,0.923,0.942,0.957
200929,0.925,0.934,0.95
200930,0.923,0.942,0.957
201001,0.906,0.932,0.95
201002,0.925,0.946,0.962
201003,0.911,0.935,0.953
201004,0.937,0.949,0.962
201005,0.937,0.949,0.962
201006,0.918,0.936,0.952
201007,0.937,0.949,0.962
201008,0.894,0.919,0.938
201009,0.932,0.951,0.966
201010,0.91,0.935,0.952
201011,0.937,0.949,0.962
201012,0.933,0.951,0.966
201013,0.938,0.951,0.965
201014,0.937,0.949,0.962
201015,0.938,0.947,0.961
201016,0.937,0.949,0.962
201017,0.937,0.949,0.962
201018,0.937,0.949,0.962
201019,0.937,0.949,0.962
201020,0.937,0.949,0.962
201021,0.937,0.949,0.962
201022,0.942,0.948,0.961
201023,0.952,0.96,0.971
201024,0.901,0.928,0.946
201025,0.937,0.949,0.962
201026,0.937,0.949,0.962
201027,0.937,0.949,0.962
201028,0.937,0.949,0.962
201029,0.937,0.949,0.962
201030,0.937,0.949,0.962
201031,0.937,0.949,0.962
201101,0.937,0.949,0.962
201102,0.887,0.918,0.937
201103,0.936,0.945,0.958
201104,0.936,0.945,0.958
201105,0.936,0.945,0.958
201106,0.936,0.945,0.958
201107,0.936,0.945,0.958
201108,0.936,0.945,0.958
201109,0.936,0.945,0.958
201110,0.924,0.932,0.948
201111,0.936,0.945,0.958
201112,0.936,0.945,0.958
201113,0.936,0.945,0.958
201114,0.936,0.945,0.958
201115,0.936,0.945,0.958
201116,0.95,0.956,0.966
201117,0.92,0.928,0.944
201118,0.936,0.945,0.958
201119,0.936,0.945,0.958
201120,0.936,0.945,0.958
201121,0.936,0.945,0.958
201122,0.936,0.945,0.958
201123,0.941,0.947,0.959
201124,0.936,0.945,0.958
201125,0.936,0.945,0.958
201126,0.936,0.945,0.958
201127,0.936,0.945,0.958
201128,0.936,0.945,0.958
201129,0.936,0.945,0.958
201130,0.901,0.924,0.942
201201,0.936,0.945,0.958
201202,0.929,0.936,0.951
201203,0.934,0.942,0.955
201204,0.934,0.942,0.955
201205,0.934,0.942,0.955
201206,0.934,0.942,0.955
201207,0.934,0.942,0.955
201208,0.934,0.942,0.955
201209,0.917,0.925,0.942
201210,0.934,0.942,0.955
201211,0.934,0.942,0.955
201212,0.934,0.942,0.955
201213,0.934,0.942,0.955
201214,0.934,0.942,0.955
201215,0.934,0.942,0.955
201216,0.908,0.93,0.948
201217,0.934,0.942,0.955
201218,0.901,0.912,0.932
201219,0.934,0.942,0.955
201220,0.902,0.912,0.931
201221,0.934,0.942,0.955
201222,0.934,0.942,0.955
201223,0.934,0.942,0.955
201224,0.934,0.942,0.955
201225,0.934,0.942,0.955
201226,0.934,0.942,0.955
201227,0.934,0.942,0.955
201228,0.934,0.942,0.955
201229,0.934,0.942,0.955
201230,0.934,0.942,0.955
201231,0.949,0.954,0.965
