Date,AOD Land Ocean Mean,AOD Deep Blue
2015-01-01,,
2015-01-02,,
2015-01-03,0.034,0.034
2015-01-04,,
2015-01-05,,
2015-01-06,,
2015-01-07,,
2015-01-08,,
2015-01-09,,
2015-01-10,,
2015-01-11,0.039,0.037
2015-01-12,0.156,0.123
2015-01-13,,
2015-01-14,,
2015-01-15,,
2015-01-16,,0.061
2015-01-17,,
2015-01-18,,
2015-01-19,,
2015-01-20,0.007,0.007
2015-01-21,0.116,0.116
2015-01-22,,
2015-01-23,,
2015-01-24,,
2015-01-25,0.062,0.058
2015-01-26,,
2015-01-27,0.042,0.038
2015-01-28,,
2015-01-29,0.029,0.027
2015-01-30,,
2015-01-31,,
2015-02-01,,
2015-02-02,,
2015-02-03,,
2015-02-04,0.008,0.011
2015-02-05,,
2015-02-06,0.094,0.094
2015-02-07,,
2015-02-08,,
2015-02-09,0.018000000000000002,0.019
2015-02-10,0.01,0.01
2015-02-11,0.097,0.067
2015-02-12,,
2015-02-13,,
2015-02-14,,
2015-02-15,0.181,0.181
2015-02-16,,
2015-02-17,,
2015-02-18,0.012,0.028
2015-02-19,0.047,0.047
2015-02-20,0.014,0.016
2015-02-21,0.022,0.022
2015-02-22,,
2015-02-23,,
2015-02-24,,
2015-02-25,,
2015-02-26,0.059000000000000004,0.058
2015-02-27,,
2015-02-28,0.053,0.043000000000000003
2015-03-01,0.061,0.061
2015-03-02,0.122,0.122
2015-03-03,0.089,0.08700000000000001
2015-03-04,,
2015-03-05,0.149,0.149
2015-03-06,,
2015-03-07,,
2015-03-08,,
2015-03-09,0.094,0.094
2015-03-10,,
2015-03-11,,
2015-03-12,0.075,0.074
2015-03-13,,
2015-03-14,,
2015-03-15,,
2015-03-16,,
2015-03-17,,
2015-03-18,,
2015-03-19,0.056,0.056
2015-03-20,,
2015-03-21,,
2015-03-22,0.113,0.085
2015-03-23,0.095,0.092
2015-03-24,0.085,0.08
2015-03-25,,
2015-03-26,,
2015-03-27,,
2015-03-28,0.084,0.081
2015-03-29,0.055,0.05
2015-03-30,0.032,0.032
2015-03-31,,
2015-04-01,0.11,0.1
2015-04-02,0.098,0.092
2015-04-03,0.124,0.115
2015-04-04,,
2015-04-05,0.179,0.179
2015-04-06,0.356,0.356
2015-04-07,,
2015-04-08,,0.162
2015-04-09,,
2015-04-10,,
2015-04-11,,
2015-04-12,,
2015-04-13,0.403,0.403
2015-04-14,,
2015-04-15,0.674,0.674
2015-04-16,,
2015-04-17,0.181,0.181
2015-04-18,0.041,0.045
2015-04-19,,
2015-04-20,,
2015-04-21,,
2015-04-22,0.18,0.18
2015-04-23,,
2015-04-24,0.338,0.338
2015-04-25,,
2015-04-26,0.10400000000000001,0.10400000000000001
2015-04-27,0.123,0.123
2015-04-28,,
2015-04-29,0.101,0.101
2015-04-30,0.165,0.11800000000000001
2015-05-01,0.098,0.093
2015-05-02,0.20700000000000002,0.17400000000000002
2015-05-03,0.311,0.311
2015-05-04,,
2015-05-05,,
2015-05-06,0.128,0.128
2015-05-07,,
2015-05-08,,
2015-05-09,0.335,0.335
2015-05-10,,
2015-05-11,,
2015-05-12,,
2015-05-13,0.289,0.252
2015-05-14,,
2015-05-15,0.136,0.136
2015-05-16,0.113,0.091
2015-05-17,0.217,0.217
2015-05-18,0.378,0.378
2015-05-19,,
2015-05-20,0.368,0.156
2015-05-21,,
2015-05-22,0.299,0.299
2015-05-23,,
2015-05-24,0.266,0.266
2015-05-25,0.18,0.145
2015-05-26,0.322,0.322
2015-05-27,0.419,0.419
2015-05-28,0.329,0.329
2015-05-29,0.20800000000000002,0.152
2015-05-30,,
2015-05-31,0.124,0.124
2015-06-01,0.152,0.152
2015-06-02,0.11900000000000001,0.12
2015-06-03,0.17400000000000002,0.149
2015-06-04,0.253,0.253
2015-06-05,,0.067
2015-06-06,,
2015-06-07,0.243,0.243
2015-06-08,,
2015-06-09,,
2015-06-10,,
2015-06-11,0.179,0.177
2015-06-12,0.17500000000000002,0.166
2015-06-13,0.177,0.162
2015-06-14,,
2015-06-15,,
2015-06-16,0.362,0.362
2015-06-17,,
2015-06-18,,
2015-06-19,,
2015-06-20,,
2015-06-21,,
2015-06-22,,
2015-06-23,,
2015-06-24,,
2015-06-25,0.092,0.092
2015-06-26,,
2015-06-27,,
2015-06-28,,
2015-06-29,,
2015-06-30,0.094,0.094
2015-07-01,,
2015-07-02,0.34900000000000003,0.34900000000000003
2015-07-03,0.378,0.378
2015-07-04,0.268,0.259
2015-07-05,0.354,0.248
2015-07-06,0.375,0.375
2015-07-07,0.391,0.257
2015-07-08,,
2015-07-09,0.182,0.17300000000000001
2015-07-10,0.134,0.134
2015-07-11,0.146,0.14300000000000002
2015-07-12,0.17400000000000002,0.159
2015-07-13,0.17500000000000002,0.17500000000000002
2015-07-14,0.17,0.16
2015-07-15,0.148,0.14
2015-07-16,0.191,0.154
2015-07-17,,
2015-07-18,0.14200000000000002,0.14100000000000001
2015-07-19,0.179,0.179
2015-07-20,0.2,0.2
2015-07-21,0.148,0.062
2015-07-22,0.28800000000000003,0.28800000000000003
2015-07-23,0.246,0.246
2015-07-24,0.34700000000000003,0.34700000000000003
2015-07-25,0.265,0.265
2015-07-26,0.24,0.24
2015-07-27,0.191,0.191
2015-07-28,0.216,0.216
2015-07-29,0.23700000000000002,0.233
2015-07-30,0.225,0.179
2015-07-31,,
2015-08-01,,
2015-08-02,,
2015-08-03,0.255,0.255
2015-08-04,0.34,0.34
2015-08-05,0.302,0.302
2015-08-06,0.276,0.276
2015-08-07,0.113,0.113
2015-08-08,0.166,0.166
2015-08-09,0.20600000000000002,0.20600000000000002
2015-08-10,0.26,0.26
2015-08-11,0.153,0.153
2015-08-12,0.17500000000000002,0.17500000000000002
2015-08-13,0.126,0.115
2015-08-14,0.24,0.24
2015-08-15,,
2015-08-16,,
2015-08-17,,
2015-08-18,,
2015-08-19,0.371,0.371
2015-08-20,,
2015-08-21,0.121,0.121
2015-08-22,0.35000000000000003,0.35000000000000003
2015-08-23,0.212,0.212
2015-08-24,0.074,0.074
2015-08-25,,
2015-08-26,0.187,0.171
2015-08-27,0.17200000000000001,0.17200000000000001
2015-08-28,0.138,0.138
2015-08-29,0.106,0.10200000000000001
2015-08-30,0.28600000000000003,0.28600000000000003
2015-08-31,0.522,0.281
2015-09-01,,
2015-09-02,0.335,0.28
2015-09-03,,
2015-09-04,0.514,0.514
2015-09-05,0.23700000000000002,0.161
2015-09-06,0.16,0.157
2015-09-07,0.136,0.145
2015-09-08,0.17400000000000002,0.155
2015-09-09,0.305,0.305
2015-09-10,,
2015-09-11,,
2015-09-12,,
2015-09-13,,
2015-09-14,,
2015-09-15,0.149,0.149
2015-09-16,,
2015-09-17,,
2015-09-18,0.116,0.116
2015-09-19,,
2015-09-20,0.255,0.255
2015-09-21,,
2015-09-22,0.166,0.166
2015-09-23,,
2015-09-24,0.20700000000000002,0.20700000000000002
2015-09-25,0.14100000000000001,0.14100000000000001
2015-09-26,,
2015-09-27,0.176,0.176
2015-09-28,0.259,0.259
2015-09-29,0.203,0.203
2015-09-30,0.176,0.176
2015-10-01,0.073,0.073
2015-10-02,0.136,0.128
2015-10-03,,
2015-10-04,,
2015-10-05,,
2015-10-06,0.267,0.267
2015-10-07,,
2015-10-08,,
2015-10-09,,
2015-10-10,,
2015-10-11,0.2,0.169
2015-10-12,,
2015-10-13,0.199,0.199
2015-10-14,0.047,0.037
2015-10-15,0.025,0.024
2015-10-16,,
2015-10-17,0.14200000000000002,0.14200000000000002
2015-10-18,0.23,0.23
2015-10-19,0.08,0.08
2015-10-20,0.098,0.091
2015-10-21,,
2015-10-22,0.273,0.255
2015-10-23,,
2015-10-24,,
2015-10-25,0.052000000000000005,0.052000000000000005
2015-10-26,0.022,0.022
2015-10-27,0.023,0.024
2015-10-28,0.059000000000000004,0.055
2015-10-29,0.093,0.093
2015-10-30,,
2015-10-31,,
2015-11-01,0.019,0.019
2015-11-02,0.007,0.007
2015-11-03,,
2015-11-04,,0.055
2015-11-05,0.182,0.17300000000000001
2015-11-06,,
2015-11-07,0.188,0.188
2015-11-08,,
2015-11-09,0.095,0.095
2015-11-10,0.049,0.044
2015-11-11,0.034,0.034
2015-11-12,0.088,0.088
2015-11-13,,
2015-11-14,,
2015-11-15,,
2015-11-16,0.127,0.121
2015-11-17,,
2015-11-18,0.093,0.067
2015-11-19,0.061,0.058
2015-11-20,0.075,0.075
2015-11-21,0.10300000000000001,0.10300000000000001
2015-11-22,,
2015-11-23,0.05,0.05
2015-11-24,0.078,0.065
2015-11-25,,
2015-11-26,,
2015-11-27,,
2015-11-28,,
2015-11-29,,
2015-11-30,0.127,0.127
2015-12-01,,0.018000000000000002
2015-12-02,,
2015-12-03,0.069,0.056
2015-12-04,0.03,0.027
2015-12-05,0.19,0.146
2015-12-06,0.048,0.048
2015-12-07,0.12,0.10200000000000001
2015-12-08,,
2015-12-09,0.037,0.036000000000000004
2015-12-10,0.015,0.017
2015-12-11,,
2015-12-12,,
2015-12-13,0.007,0.008
2015-12-14,,0.004
2015-12-15,,
2015-12-16,0.018000000000000002,0.017
2015-12-17,,
2015-12-18,,
2015-12-19,0.066,0.054
2015-12-20,,
2015-12-21,,
2015-12-22,,
2015-12-23,,
2015-12-24,,
2015-12-25,0.039,0.039
2015-12-26,,
2015-12-27,0.09,0.081
2015-12-28,0.0,0.008
2015-12-29,0.027,0.027
2015-12-30,0.089,0.074
2015-12-31,,
2016-01-01,,
2016-01-02,,
2016-01-03,0.045,0.045
2016-01-04,,
2016-01-05,0.023,0.024
2016-01-06,0.048,0.044
2016-01-07,0.024,0.023
2016-01-08,0.02,0.02
2016-01-09,,
2016-01-10,,
2016-01-11,0.079,0.043000000000000003
2016-01-12,0.083,0.067
2016-01-13,0.162,0.121
2016-01-14,0.058,0.051000000000000004
2016-01-15,,
2016-01-16,0.005,0.006
2016-01-17,,
2016-01-18,,0.007
2016-01-19,0.019,0.019
2016-01-20,0.068,0.042
2016-01-21,0.036000000000000004,0.034
2016-01-22,0.003,0.012
2016-01-23,0.01,0.011
2016-01-24,0.024,0.026000000000000002
2016-01-25,,
2016-01-26,0.094,0.091
2016-01-27,,
2016-01-28,0.004,0.008
2016-01-29,,0.017
2016-01-30,,
2016-01-31,,0.0
2016-02-01,,0.0
2016-02-02,,
2016-02-03,,0.006
2016-02-04,0.026000000000000002,0.024
2016-02-05,0.106,0.055
2016-02-06,0.036000000000000004,0.036000000000000004
2016-02-07,,
2016-02-08,,
2016-02-09,0.075,0.06
2016-02-10,,
2016-02-11,0.016,0.016
2016-02-12,,0.025
2016-02-13,0.077,0.069
2016-02-14,0.041,0.046
2016-02-15,0.044,0.043000000000000003
2016-02-16,0.036000000000000004,0.036000000000000004
2016-02-17,0.058,0.058
2016-02-18,0.058,0.057
2016-02-19,0.07100000000000001,0.057
2016-02-20,,
2016-02-21,,
2016-02-22,0.136,0.097
2016-02-23,0.041,0.033
2016-02-24,0.037,0.027
2016-02-25,0.045,0.041
2016-02-26,,
2016-02-27,,
2016-02-28,,0.04
2016-02-29,0.078,0.076
2016-03-01,,0.049
2016-03-02,0.182,0.134
2016-03-03,0.022,0.022
2016-03-04,0.122,0.122
2016-03-05,0.272,0.272
2016-03-06,,
2016-03-07,0.064,0.064
2016-03-08,0.209,0.209
2016-03-09,,
2016-03-10,0.007,0.007
2016-03-11,,
2016-03-12,0.005,0.009000000000000001
2016-03-13,,
2016-03-14,,
2016-03-15,,
2016-03-16,,
2016-03-17,0.055,0.047
2016-03-18,0.273,0.273
2016-03-19,,
2016-03-20,,
2016-03-21,0.053,0.051000000000000004
2016-03-22,0.025,0.027
2016-03-23,0.024,0.024
2016-03-24,0.07,0.052000000000000005
2016-03-25,0.095,0.095
2016-03-26,,
2016-03-27,0.164,0.15
2016-03-28,,
2016-03-29,,
2016-03-30,,
2016-03-31,,
2016-04-01,0.083,0.083
2016-04-02,,0.17400000000000002
2016-04-03,0.095,0.08700000000000001
2016-04-04,0.047,0.042
2016-04-05,0.105,0.092
2016-04-06,,
2016-04-07,,
2016-04-08,,
2016-04-09,,0.067
2016-04-10,,
2016-04-11,,
2016-04-12,,
2016-04-13,,
2016-04-14,,
2016-04-15,,
2016-04-16,0.23600000000000002,0.085
2016-04-17,0.091,0.09
2016-04-18,,0.08600000000000001
2016-04-19,0.197,0.197
2016-04-20,,
2016-04-21,0.112,0.10300000000000001
2016-04-22,0.21,0.07200000000000001
2016-04-23,,
2016-04-24,0.089,0.089
2016-04-25,0.133,0.133
2016-04-26,0.157,0.157
2016-04-27,0.151,0.107
2016-04-28,0.213,0.187
2016-04-29,,
2016-04-30,,
2016-05-01,,
2016-05-02,,
2016-05-03,0.28700000000000003,0.28700000000000003
2016-05-04,0.20700000000000002,0.122
2016-05-05,0.198,0.198
2016-05-06,0.033,0.041
2016-05-07,,
2016-05-08,0.387,0.387
2016-05-09,,
2016-05-10,0.137,0.138
2016-05-11,,0.105
2016-05-12,0.221,0.201
2016-05-13,,
2016-05-14,0.23500000000000001,0.23500000000000001
2016-05-15,,
2016-05-16,,
2016-05-17,0.304,0.304
2016-05-18,,
2016-05-19,0.151,0.151
2016-05-20,0.20400000000000001,0.11800000000000001
2016-05-21,0.156,0.156
2016-05-22,0.225,0.13
2016-05-23,,0.201
2016-05-24,,
2016-05-25,,
2016-05-26,0.34400000000000003,0.34400000000000003
2016-05-27,0.229,0.229
2016-05-28,0.463,0.463
2016-05-29,,0.26
2016-05-30,,
2016-05-31,0.221,0.221
2016-06-01,,
2016-06-02,0.277,0.277
2016-06-03,,
2016-06-04,,
2016-06-05,,
2016-06-06,0.093,0.093
2016-06-07,0.108,0.10200000000000001
2016-06-08,0.201,0.201
2016-06-09,0.182,0.182
2016-06-10,,
2016-06-11,,
2016-06-12,,
2016-06-13,0.34700000000000003,0.34700000000000003
2016-06-14,0.28200000000000003,0.28200000000000003
2016-06-15,0.17200000000000001,0.17200000000000001
2016-06-16,0.265,0.213
2016-06-17,,
2016-06-18,0.099,0.098
2016-06-19,,
2016-06-20,,
2016-06-21,,
2016-06-22,0.079,0.079
2016-06-23,0.116,0.116
2016-06-24,,
2016-06-25,0.271,0.271
2016-06-26,,
2016-06-27,,
2016-06-28,,
2016-06-29,,
2016-06-30,,
2016-07-01,0.166,0.147
2016-07-02,0.254,0.254
2016-07-03,,
2016-07-04,0.168,0.168
2016-07-05,0.191,0.168
2016-07-06,0.159,0.159
2016-07-07,0.179,0.156
2016-07-08,0.262,0.262
2016-07-09,,
2016-07-10,,
2016-07-11,0.217,0.217
2016-07-12,,
2016-07-13,0.28800000000000003,0.28800000000000003
2016-07-14,0.159,0.136
2016-07-15,0.126,0.126
2016-07-16,0.124,0.113
2016-07-17,,
2016-07-18,0.234,0.234
2016-07-19,,
2016-07-20,,
2016-07-21,,
2016-07-22,0.122,0.122
2016-07-23,,
2016-07-24,0.106,0.106
2016-07-25,,
2016-07-26,,
2016-07-27,,
2016-07-28,,
2016-07-29,0.221,0.221
2016-07-30,,
2016-07-31,0.094,0.094
2016-08-01,0.166,0.125
2016-08-02,0.097,0.097
2016-08-03,0.249,0.249
2016-08-04,,
2016-08-05,0.213,0.213
2016-08-06,,
2016-08-07,0.111,0.111
2016-08-08,,
2016-08-09,,
2016-08-10,,
2016-08-11,,
2016-08-12,0.343,0.343
2016-08-13,,
2016-08-14,,
2016-08-15,,
2016-08-16,,
2016-08-17,,
2016-08-18,,
2016-08-19,0.34,0.34
2016-08-20,,
2016-08-21,,
2016-08-22,0.136,0.136
2016-08-23,0.084,0.084
2016-08-24,0.082,0.078
2016-08-25,0.163,0.163
2016-08-26,,
2016-08-27,,
2016-08-28,0.277,0.277
2016-08-29,,
2016-08-30,,
2016-08-31,,
2016-09-01,,
2016-09-02,,
2016-09-03,,
2016-09-04,,
2016-09-05,,
2016-09-06,0.17500000000000002,0.17500000000000002
2016-09-07,0.14100000000000001,0.134
2016-09-08,0.129,0.129
2016-09-09,0.188,0.171
2016-09-10,0.121,0.121
2016-09-11,0.18,0.18
2016-09-12,,
2016-09-13,0.253,0.253
2016-09-14,,
2016-09-15,,
2016-09-16,0.23700000000000002,0.23700000000000002
2016-09-17,0.11800000000000001,0.11800000000000001
2016-09-18,,
2016-09-19,0.061,0.061
2016-09-20,0.059000000000000004,0.059000000000000004
2016-09-21,,
2016-09-22,0.223,0.223
2016-09-23,0.278,0.20800000000000002
2016-09-24,0.147,0.147
2016-09-25,,
2016-09-26,,
2016-09-27,,
2016-09-28,,
2016-09-29,,
2016-09-30,,
2016-10-01,,
2016-10-02,,
2016-10-03,0.101,0.101
2016-10-04,0.12,0.1
2016-10-05,0.131,0.122
2016-10-06,0.14300000000000002,0.14200000000000002
2016-10-07,,
2016-10-08,0.122,0.122
2016-10-09,,
2016-10-10,0.097,0.097
2016-10-11,0.077,0.07
2016-10-12,0.034,0.035
2016-10-13,0.084,0.083
2016-10-14,0.055,0.055
2016-10-15,0.12,0.12
2016-10-16,0.16,0.097
2016-10-17,0.038,0.038
2016-10-18,0.07,0.065
2016-10-19,0.12,0.11800000000000001
2016-10-20,,
2016-10-21,,
2016-10-22,,
2016-10-23,,
2016-10-24,0.191,0.179
2016-10-25,,
2016-10-26,0.074,0.074
2016-10-27,,
2016-10-28,0.022,0.022
2016-10-29,0.07100000000000001,0.064
2016-10-30,0.039,0.039
2016-10-31,0.098,0.098
2016-11-01,0.117,0.117
2016-11-02,0.198,0.185
2016-11-03,0.213,0.213
2016-11-04,,
2016-11-05,,
2016-11-06,,
2016-11-07,0.10200000000000001,0.10200000000000001
2016-11-08,,
2016-11-09,,
2016-11-10,,
2016-11-11,,
2016-11-12,,
2016-11-13,,
2016-11-14,,
2016-11-15,0.034,0.034
2016-11-16,0.023,0.022
2016-11-17,0.133,0.094
2016-11-18,0.039,0.039
2016-11-19,0.066,0.06
2016-11-20,0.029,0.028
2016-11-21,0.022,0.021
2016-11-22,,
2016-11-23,0.047,0.047
2016-11-24,,
2016-11-25,0.11900000000000001,0.11900000000000001
2016-11-26,,
2016-11-27,0.043000000000000003,0.042
2016-11-28,0.043000000000000003,0.043000000000000003
2016-11-29,0.027,0.027
2016-11-30,0.032,0.029
2016-12-01,0.025,0.025
2016-12-02,,
2016-12-03,,
2016-12-04,,
2016-12-05,0.018000000000000002,0.019
2016-12-06,0.006,0.007
2016-12-07,0.08600000000000001,0.035
2016-12-08,0.057,0.057
2016-12-09,,
2016-12-10,,
2016-12-11,0.017,0.017
2016-12-12,0.027,0.021
2016-12-13,0.018000000000000002,0.018000000000000002
2016-12-14,0.054,0.048
2016-12-15,0.057,0.057
2016-12-16,0.084,0.079
2016-12-17,0.024,0.024
2016-12-18,0.07,0.067
2016-12-19,,0.036000000000000004
2016-12-20,0.055,0.055
2016-12-21,0.065,0.046
2016-12-22,0.043000000000000003,0.043000000000000003
2016-12-23,0.043000000000000003,0.036000000000000004
2016-12-24,0.068,0.061
2016-12-25,0.08600000000000001,0.084
2016-12-26,,
2016-12-27,0.241,0.212
2016-12-28,0.155,0.085
2016-12-29,,
2016-12-30,0.099,0.068
2016-12-31,,
2017-01-01,0.047,0.041
2017-01-02,0.003,0.005
2017-01-03,0.021,0.022
2017-01-04,,
2017-01-05,0.013000000000000001,0.014
2017-01-06,0.008,0.013000000000000001
2017-01-07,0.08,0.051000000000000004
2017-01-08,0.077,0.042
2017-01-09,0.017,0.016
2017-01-10,0.027,0.027
2017-01-11,,
2017-01-12,0.015,0.015
2017-01-13,,
2017-01-14,,
2017-01-15,0.049,0.045
2017-01-16,,
2017-01-17,,
2017-01-18,,
2017-01-19,0.013000000000000001,0.015
2017-01-20,,
2017-01-21,0.005,0.005
2017-01-22,,
2017-01-23,,
2017-01-24,0.005,0.011
2017-01-25,,
2017-01-26,0.017,0.017
2017-01-27,,
2017-01-28,,
2017-01-29,,
2017-01-30,0.041,0.041
2017-01-31,,
2017-02-01,0.042,0.039
2017-02-02,0.084,0.073
2017-02-03,,
2017-02-04,0.146,0.133
2017-02-05,,0.151
2017-02-06,0.11,0.107
2017-02-07,,0.015
2017-02-08,0.002,0.002
2017-02-09,0.022,0.022
2017-02-10,0.046,0.044
2017-02-11,0.032,0.032
2017-02-12,,
2017-02-13,0.178,0.211
2017-02-14,,0.03
2017-02-15,0.068,0.065
2017-02-16,0.139,0.093
2017-02-17,0.023,0.023
2017-02-18,0.01,0.011
2017-02-19,,
2017-02-20,,
2017-02-21,0.009000000000000001,0.018000000000000002
2017-02-22,,
2017-02-23,,0.001
2017-02-24,0.006,0.006
2017-02-25,0.111,0.082
2017-02-26,0.043000000000000003,0.043000000000000003
2017-02-27,0.014,0.016
2017-02-28,,
2017-03-01,0.082,0.083
2017-03-02,,0.11900000000000001
2017-03-03,,
2017-03-04,,
2017-03-05,0.084,0.081
2017-03-06,0.107,0.08600000000000001
2017-03-07,,
2017-03-08,,
2017-03-09,,
2017-03-10,0.261,0.261
2017-03-11,,
2017-03-12,,
2017-03-13,0.062,0.054
2017-03-14,0.114,0.114
2017-03-15,0.09,0.078
2017-03-16,,
2017-03-17,0.051000000000000004,0.051000000000000004
2017-03-18,0.057,0.043000000000000003
2017-03-19,0.17300000000000001,0.169
2017-03-20,0.133,0.098
2017-03-21,0.10200000000000001,0.098
2017-03-22,0.116,0.099
2017-03-23,0.127,0.124
2017-03-24,0.084,0.084
2017-03-25,0.201,0.14100000000000001
2017-03-26,0.156,0.152
2017-03-27,0.149,0.108
2017-03-28,0.077,0.077
2017-03-29,0.138,0.11
2017-03-30,0.067,0.067
2017-03-31,0.058,0.053
2017-04-01,,
2017-04-02,0.124,0.12
2017-04-03,0.032,0.032
2017-04-04,,
2017-04-05,0.082,0.07100000000000001
2017-04-06,,
2017-04-07,,
2017-04-08,0.075,0.075
2017-04-09,0.116,0.109
2017-04-10,,0.089
2017-04-11,0.433,0.433
2017-04-12,,0.039
2017-04-13,,
2017-04-14,,0.085
2017-04-15,,
2017-04-16,0.273,0.17200000000000001
2017-04-17,,
2017-04-18,0.135,0.135
2017-04-19,,0.038
2017-04-20,0.073,0.073
2017-04-21,0.062,0.057
2017-04-22,0.107,0.10400000000000001
2017-04-23,0.122,0.089
2017-04-24,,
2017-04-25,0.108,0.099
2017-04-26,,0.031
2017-04-27,0.215,0.193
2017-04-28,0.13,0.084
2017-04-29,0.128,0.128
2017-04-30,0.052000000000000005,0.048
2017-05-01,0.069,0.068
2017-05-02,0.134,0.10300000000000001
2017-05-03,,
2017-05-04,0.11,0.109
2017-05-05,0.058,0.05
2017-05-06,0.12,0.114
2017-05-07,,0.198
2017-05-08,,
2017-05-09,,0.05
2017-05-10,,
2017-05-11,0.132,0.125
2017-05-12,,
2017-05-13,0.326,0.254
2017-05-14,,0.20400000000000001
2017-05-15,0.274,0.274
2017-05-16,0.153,0.129
2017-05-17,,
2017-05-18,0.28300000000000003,0.189
2017-05-19,,
2017-05-20,,
2017-05-21,,
2017-05-22,0.23700000000000002,0.217
2017-05-23,0.385,0.385
2017-05-24,0.105,0.1
2017-05-25,0.074,0.076
2017-05-26,0.256,0.24
2017-05-27,0.17,0.16
2017-05-28,,
2017-05-29,0.17400000000000002,0.17400000000000002
2017-05-30,0.391,0.257
2017-05-31,0.23900000000000002,0.145
2017-06-01,,0.084
2017-06-02,,
2017-06-03,,
2017-06-04,,
2017-06-05,0.31,0.31
2017-06-06,,
2017-06-07,0.131,0.131
2017-06-08,0.225,0.115
2017-06-09,0.176,0.176
2017-06-10,0.148,0.106
2017-06-11,0.082,0.079
2017-06-12,0.121,0.117
2017-06-13,0.171,0.171
2017-06-14,0.161,0.161
2017-06-15,0.09,0.067
2017-06-16,0.101,0.098
2017-06-17,0.11800000000000001,0.10200000000000001
2017-06-18,0.136,0.128
2017-06-19,0.145,0.14200000000000002
2017-06-20,,
2017-06-21,0.116,0.116
2017-06-22,0.243,0.115
2017-06-23,0.203,0.191
2017-06-24,,
2017-06-25,0.222,0.222
2017-06-26,,
2017-06-27,,
2017-06-28,,
2017-06-29,0.06,0.041
2017-06-30,0.222,0.201
2017-07-01,0.202,0.202
2017-07-02,0.147,0.147
2017-07-03,0.168,0.125
2017-07-04,0.081,0.081
2017-07-05,0.085,0.079
2017-07-06,,
2017-07-07,,
2017-07-08,,
2017-07-09,0.11900000000000001,0.11900000000000001
2017-07-10,,
2017-07-11,,
2017-07-12,,
2017-07-13,,
2017-07-14,0.41400000000000003,0.23
2017-07-15,,
2017-07-16,0.17500000000000002,0.17500000000000002
2017-07-17,,
2017-07-18,,
2017-07-19,,
2017-07-20,0.158,0.158
2017-07-21,0.09,0.09
2017-07-22,,
2017-07-23,0.229,0.229
2017-07-24,,0.025
2017-07-25,0.184,0.146
2017-07-26,0.085,0.08
2017-07-27,,
2017-07-28,0.31,0.31
2017-07-29,0.225,0.225
2017-07-30,0.366,0.366
2017-07-31,,
2017-08-01,0.243,0.243
2017-08-02,,
2017-08-03,,
2017-08-04,,
2017-08-05,,
2017-08-06,,
2017-08-07,,
2017-08-08,,
2017-08-09,,
2017-08-10,,
2017-08-11,,
2017-08-12,0.051000000000000004,0.051000000000000004
2017-08-13,0.163,0.135
2017-08-14,0.16,0.16
2017-08-15,0.193,0.185
2017-08-16,,
2017-08-17,0.222,0.222
2017-08-18,0.224,0.224
2017-08-19,,
2017-08-20,,0.06
2017-08-21,0.031,0.031
2017-08-22,0.134,0.134
2017-08-23,,
2017-08-24,,
2017-08-25,,
2017-08-26,,
2017-08-27,,
2017-08-28,,
2017-08-29,0.145,0.145
2017-08-30,,
2017-08-31,,
2017-09-01,,
2017-09-02,0.251,0.251
2017-09-03,,
2017-09-04,,
2017-09-05,,
2017-09-06,,
2017-09-07,0.367,0.367
2017-09-08,,
2017-09-09,,
2017-09-10,,
2017-09-11,0.099,0.099
2017-09-12,0.189,0.178
2017-09-13,0.23600000000000002,0.232
2017-09-14,0.177,0.177
2017-09-15,0.156,0.15
2017-09-16,0.14100000000000001,0.14100000000000001
2017-09-17,,
2017-09-18,,
2017-09-19,,
2017-09-20,0.158,0.158
2017-09-21,0.242,0.242
2017-09-22,,
2017-09-23,,
2017-09-24,,
2017-09-25,,
2017-09-26,,
2017-09-27,,
2017-09-28,,
2017-09-29,,
2017-09-30,0.268,0.268
2017-10-01,,
2017-10-02,0.201,0.201
2017-10-03,,
2017-10-04,0.14100000000000001,0.14100000000000001
2017-10-05,,
2017-10-06,0.046,0.046
2017-10-07,0.074,0.074
2017-10-08,0.11800000000000001,0.113
2017-10-09,0.218,0.218
2017-10-10,,
2017-10-11,,
2017-10-12,,
2017-10-13,0.066,0.066
2017-10-14,0.011,0.011
2017-10-15,,
2017-10-16,0.33,0.33
2017-10-17,0.017,0.017
2017-10-18,0.026000000000000002,0.026000000000000002
2017-10-19,0.09,0.09
2017-10-20,0.11,0.109
2017-10-21,0.28,0.182
2017-10-22,0.145,0.145
2017-10-23,0.074,0.07
2017-10-24,,
2017-10-25,0.054,0.052000000000000005
2017-10-26,,
2017-10-27,0.124,0.123
2017-10-28,0.094,0.081
2017-10-29,0.057,0.056
2017-10-30,0.066,0.059000000000000004
2017-10-31,0.153,0.10300000000000001
2017-11-01,0.098,0.098
2017-11-02,0.024,0.024
2017-11-03,0.146,0.14200000000000002
2017-11-04,0.121,0.121
2017-11-05,0.04,0.04
2017-11-06,0.031,0.029
2017-11-07,0.028,0.028
2017-11-08,0.099,0.099
2017-11-09,0.099,0.099
2017-11-10,0.131,0.131
2017-11-11,,
2017-11-12,0.049,0.049
2017-11-13,,
2017-11-14,0.081,0.079
2017-11-15,0.039,0.036000000000000004
2017-11-16,0.04,0.039
2017-11-17,0.065,0.06
2017-11-18,0.033,0.033
2017-11-19,0.068,0.066
2017-11-20,0.052000000000000005,0.052000000000000005
2017-11-21,0.029,0.03
2017-11-22,0.035,0.031
2017-11-23,0.01,0.01
2017-11-24,0.026000000000000002,0.024
2017-11-25,0.006,0.006
2017-11-26,0.048,0.047
2017-11-27,,
2017-11-28,0.033,0.033
2017-11-29,,
2017-11-30,0.032,0.032
2017-12-01,,0.043000000000000003
2017-12-02,0.026000000000000002,0.026000000000000002
2017-12-03,0.056,0.056
2017-12-04,0.027,0.027
2017-12-05,,
2017-12-06,,
2017-12-07,,
2017-12-08,,
2017-12-09,0.024,0.022
2017-12-10,,
2017-12-11,,
2017-12-12,,
2017-12-13,,
2017-12-14,,
2017-12-15,,
2017-12-16,,
2017-12-17,,
2017-12-18,,
2017-12-19,,
2017-12-20,,
2017-12-21,0.09,0.09
2017-12-22,,
2017-12-23,,
2017-12-24,0.089,0.032
2017-12-25,0.079,0.075
2017-12-26,,0.02
2017-12-27,,
2017-12-28,0.10300000000000001,0.10300000000000001
2017-12-29,,
2017-12-30,0.09,0.088
2017-12-31,,
2018-01-01,,
2018-01-02,,
2018-01-03,0.049,0.027
2018-01-04,0.042,0.042
2018-01-05,0.075,0.042
2018-01-06,0.074,0.073
2018-01-07,,
2018-01-08,0.032,0.032
2018-01-09,,
2018-01-10,0.024,0.028
2018-01-11,0.075,0.061
2018-01-12,0.018000000000000002,0.018000000000000002
2018-01-13,0.062,0.052000000000000005
2018-01-14,,
2018-01-15,0.044,0.042
2018-01-16,,
2018-01-17,,
2018-01-18,,0.068
2018-01-19,0.069,0.065
2018-01-20,0.051000000000000004,0.047
2018-01-21,,
2018-01-22,,
2018-01-23,,
2018-01-24,0.074,0.068
2018-01-25,,
2018-01-26,,
2018-01-27,,0.055
2018-01-28,,
2018-01-29,,
2018-01-30,,
2018-01-31,0.105,0.105
2018-02-01,0.051000000000000004,0.037
2018-02-02,,
2018-02-03,,
2018-02-04,,
2018-02-05,,
2018-02-06,,
2018-02-07,,
2018-02-08,,
2018-02-09,,
2018-02-10,0.094,0.094
2018-02-11,0.052000000000000005,0.05
2018-02-12,0.23,0.23
2018-02-13,,
2018-02-14,0.053,0.054
2018-02-15,,
2018-02-16,0.065,0.065
2018-02-17,,0.121
2018-02-18,0.109,0.1
2018-02-19,,
2018-02-20,,
2018-02-21,0.099,0.093
2018-02-22,,
2018-02-23,0.183,0.166
2018-02-24,,
2018-02-25,,
2018-02-26,,
2018-02-27,0.19,0.19
2018-02-28,,0.049
2018-03-01,0.061,0.059000000000000004
2018-03-02,0.159,0.14100000000000001
2018-03-03,,
2018-03-04,0.23700000000000002,0.224
2018-03-05,,0.049
2018-03-06,,
2018-03-07,0.138,0.10400000000000001
2018-03-08,0.109,0.106
2018-03-09,0.178,0.178
2018-03-10,0.031,0.031
2018-03-11,0.193,0.183
2018-03-12,,
2018-03-13,0.121,0.12
2018-03-14,0.193,0.193
2018-03-15,0.084,0.084
2018-03-16,0.092,0.092
2018-03-17,0.043000000000000003,0.042
2018-03-18,0.09,0.09
2018-03-19,,
2018-03-20,0.111,0.111
2018-03-21,0.149,0.10200000000000001
2018-03-22,0.115,0.108
2018-03-23,0.097,0.08700000000000001
2018-03-24,0.179,0.162
2018-03-25,0.34900000000000003,0.162
2018-03-26,,
2018-03-27,0.34,0.305
2018-03-28,,
2018-03-29,0.063,0.063
2018-03-30,0.1,0.075
2018-03-31,0.063,0.063
2018-04-01,0.113,0.088
2018-04-02,0.162,0.154
2018-04-03,,
2018-04-04,,
2018-04-05,0.152,0.146
2018-04-06,0.138,0.082
2018-04-07,0.155,0.155
2018-04-08,0.121,0.10400000000000001
2018-04-09,0.251,0.192
2018-04-10,,
2018-04-11,0.295,0.295
2018-04-12,0.219,0.219
2018-04-13,0.05,0.04
2018-04-14,0.215,0.192
2018-04-15,0.004,0.022
2018-04-16,0.107,0.10400000000000001
2018-04-17,0.197,0.148
2018-04-18,,
2018-04-19,,
2018-04-20,,
2018-04-21,0.11900000000000001,0.117
2018-04-22,,
2018-04-23,,
2018-04-24,,
2018-04-25,,
2018-04-26,0.152,0.107
2018-04-27,,
2018-04-28,,
2018-04-29,,
2018-04-30,0.186,0.186
2018-05-01,0.137,0.084
2018-05-02,0.304,0.195
2018-05-03,0.368,0.368
2018-05-04,,
2018-05-05,,
2018-05-06,,
2018-05-07,0.077,0.077
2018-05-08,0.045,0.041
2018-05-09,0.1,0.098
2018-05-10,0.127,0.084
2018-05-11,0.138,0.138
2018-05-12,0.146,0.10400000000000001
2018-05-13,,
2018-05-14,0.153,0.147
2018-05-15,,0.058
2018-05-16,0.178,0.166
2018-05-17,0.101,0.097
2018-05-18,0.202,0.202
2018-05-19,0.28200000000000003,0.16
2018-05-20,,
2018-05-21,0.256,0.09
2018-05-22,,
2018-05-23,0.363,0.363
2018-05-24,,0.098
2018-05-25,0.111,0.106
2018-05-26,0.057,0.057
2018-05-27,0.092,0.08600000000000001
2018-05-28,0.091,0.09
2018-05-29,0.185,0.179
2018-05-30,0.217,0.201
2018-05-31,0.256,0.202
2018-06-01,,
2018-06-02,0.116,0.107
2018-06-03,0.151,0.108
2018-06-04,0.095,0.083
2018-06-05,0.114,0.111
2018-06-06,0.101,0.096
2018-06-07,,
2018-06-08,0.20400000000000001,0.20400000000000001
2018-06-09,,
2018-06-10,0.20500000000000002,0.20500000000000002
2018-06-11,,
2018-06-12,,0.031
2018-06-13,,
2018-06-14,,
2018-06-15,0.20500000000000002,0.20500000000000002
2018-06-16,,
2018-06-17,,
2018-06-18,,
2018-06-19,,
2018-06-20,,
2018-06-21,,
2018-06-22,,
2018-06-23,,
2018-06-24,0.08600000000000001,0.08700000000000001
2018-06-25,,
2018-06-26,0.233,0.233
2018-06-27,,
2018-06-28,0.158,0.158
2018-06-29,0.17200000000000001,0.17200000000000001
2018-06-30,0.154,0.154
2018-07-01,0.23700000000000002,0.23700000000000002
2018-07-02,0.099,0.07100000000000001
2018-07-03,0.245,0.245
2018-07-04,0.28400000000000003,0.203
2018-07-05,,
2018-07-06,0.20800000000000002,0.20800000000000002
2018-07-07,,
2018-07-08,,
2018-07-09,,
2018-07-10,0.129,0.125
2018-07-11,0.17,0.129
2018-07-12,0.16,0.157
2018-07-13,0.106,0.064
2018-07-14,0.14200000000000002,0.14200000000000002
2018-07-15,0.19,0.19
2018-07-16,0.318,0.318
2018-07-17,0.184,0.176
2018-07-18,0.185,0.185
2018-07-19,0.23600000000000002,0.23500000000000001
2018-07-20,0.179,0.14400000000000002
2018-07-21,0.14300000000000002,0.138
2018-07-22,0.20600000000000002,0.192
2018-07-23,0.088,0.085
2018-07-24,0.166,0.166
2018-07-25,,
2018-07-26,,
2018-07-27,,
2018-07-28,0.331,0.331
2018-07-29,0.226,0.226
2018-07-30,0.211,0.211
2018-07-31,,
2018-08-01,,
2018-08-02,0.129,0.129
2018-08-03,0.157,0.147
2018-08-04,0.293,0.293
2018-08-05,,
2018-08-06,,
2018-08-07,,
2018-08-08,0.059000000000000004,0.058
2018-08-09,0.136,0.136
2018-08-10,,
2018-08-11,0.28200000000000003,0.28200000000000003
2018-08-12,,
2018-08-13,,
2018-08-14,0.064,0.067
2018-08-15,0.115,0.115
2018-08-16,,
2018-08-17,0.133,0.133
2018-08-18,0.147,0.147
2018-08-19,0.14,0.14
2018-08-20,0.201,0.201
2018-08-21,,
2018-08-22,0.191,0.191
2018-08-23,0.113,0.095
2018-08-24,0.078,0.065
2018-08-25,0.191,0.125
2018-08-26,,
2018-08-27,0.131,0.131
2018-08-28,,0.053
2018-08-29,0.137,0.137
2018-08-30,,
2018-08-31,,
2018-09-01,,
2018-09-02,0.191,0.191
2018-09-03,,
2018-09-04,,
2018-09-05,0.222,0.222
2018-09-06,,
2018-09-07,,
2018-09-08,,
2018-09-09,,
2018-09-10,,
2018-09-11,,
2018-09-12,0.262,0.262
2018-09-13,,
2018-09-14,0.10200000000000001,0.10200000000000001
2018-09-15,,
2018-09-16,,
2018-09-17,,
2018-09-18,,
2018-09-19,,
2018-09-20,,
2018-09-21,0.184,0.184
2018-09-22,,
2018-09-23,,
2018-09-24,,
2018-09-25,0.117,0.117
2018-09-26,,
2018-09-27,,
2018-09-28,,
2018-09-29,,
2018-09-30,,
2018-10-01,,
2018-10-02,0.061,0.061
2018-10-03,0.099,0.08
2018-10-04,0.044,0.044
2018-10-05,0.074,0.07200000000000001
2018-10-06,,
2018-10-07,,
2018-10-08,,
2018-10-09,0.048,0.048
2018-10-10,,
2018-10-11,,
2018-10-12,0.159,0.15
2018-10-13,,
2018-10-14,0.167,0.161
2018-10-15,,
2018-10-16,,
2018-10-17,,
2018-10-18,,
2018-10-19,0.13,0.13
2018-10-20,,
2018-10-21,,
2018-10-22,,
2018-10-23,,
2018-10-24,,
2018-10-25,0.084,0.084
2018-10-26,,
2018-10-27,0.038,0.038
2018-10-28,0.081,0.081
2018-10-29,,
2018-10-30,0.061,0.062
2018-10-31,,
2018-11-01,0.053,0.052000000000000005
2018-11-02,0.153,0.153
2018-11-03,0.033,0.033
2018-11-04,,
2018-11-05,0.028,0.028
2018-11-06,0.019,0.019
2018-11-07,,
2018-11-08,0.088,0.088
2018-11-09,,
2018-11-10,,
2018-11-11,0.051000000000000004,0.049
2018-11-12,,
2018-11-13,0.092,0.092
2018-11-14,,
2018-11-15,0.064,0.064
2018-11-16,0.07100000000000001,0.046
2018-11-17,,
2018-11-18,,
2018-11-19,,
2018-11-20,,
2018-11-21,0.094,0.094
2018-11-22,0.056,0.056
2018-11-23,0.03,0.03
2018-11-24,,
2018-11-25,,
2018-11-26,0.049,0.045
2018-11-27,0.121,0.121
2018-11-28,,
2018-11-29,0.074,0.068
2018-11-30,,
2018-12-01,0.001,0.002
2018-12-02,,0.001
2018-12-03,0.03,0.029
2018-12-04,0.076,0.043000000000000003
2018-12-05,0.098,0.098
2018-12-06,,
2018-12-07,,
2018-12-08,0.085,0.085
2018-12-09,0.001,0.012
2018-12-10,0.039,0.037
2018-12-11,,
2018-12-12,,
2018-12-13,,0.002
2018-12-14,,
2018-12-15,,0.002
2018-12-16,,
2018-12-17,0.033,0.032
2018-12-18,,
2018-12-19,0.01,0.012
2018-12-20,0.009000000000000001,0.013000000000000001
2018-12-21,,
2018-12-22,,
2018-12-23,0.004,0.004
2018-12-24,0.052000000000000005,0.05
2018-12-25,,
2018-12-26,0.05,0.05
2018-12-27,0.046,0.041
2018-12-28,0.041,0.029
2018-12-29,,
2018-12-30,,
2018-12-31,,
2019-01-01,,
2019-01-02,,
2019-01-03,0.006,0.015
2019-01-04,0.009000000000000001,0.011
2019-01-05,0.014,0.017
2019-01-06,,
2019-01-07,0.058,0.058
2019-01-08,,
2019-01-09,0.139,0.139
2019-01-10,,
2019-01-11,0.081,0.074
2019-01-12,0.011,0.016
2019-01-13,0.14100000000000001,0.14100000000000001
2019-01-14,,
2019-01-15,,
2019-01-16,0.046,0.043000000000000003
2019-01-17,,
2019-01-18,0.076,0.076
2019-01-19,0.018000000000000002,0.018000000000000002
2019-01-20,,
2019-01-21,,
2019-01-22,0.006,0.006
2019-01-23,0.037,0.034
2019-01-24,0.002,0.004
2019-01-25,0.056,0.056
2019-01-26,,
2019-01-27,,0.0
2019-01-28,,0.003
2019-01-29,0.01,0.01
2019-01-30,0.085,0.057
2019-01-31,0.04,0.037
2019-02-01,0.02,0.02
2019-02-02,,
2019-02-03,0.061,0.061
2019-02-04,,
2019-02-05,0.138,0.138
2019-02-06,0.16,0.16
2019-02-07,0.106,0.106
2019-02-08,,
2019-02-09,,
2019-02-10,0.154,0.154
2019-02-11,,
2019-02-12,,
2019-02-13,0.031,0.025
2019-02-14,,
2019-02-15,0.023,0.026000000000000002
2019-02-16,0.006,0.007
2019-02-17,0.025,0.029
2019-02-18,,
2019-02-19,0.08600000000000001,0.08600000000000001
2019-02-20,0.054,0.026000000000000002
2019-02-21,,
2019-02-22,,
2019-02-23,,
2019-02-24,0.10400000000000001,0.089
2019-02-25,0.044,0.033
2019-02-26,0.005,0.005
2019-02-27,0.035,0.032
2019-02-28,0.08,0.08
2019-03-01,0.089,0.048
2019-03-02,0.079,0.077
2019-03-03,0.088,0.073
2019-03-04,0.16,0.16
2019-03-05,0.116,0.116
2019-03-06,,
2019-03-07,0.065,0.063
2019-03-08,,
2019-03-09,0.037,0.037
2019-03-10,0.064,0.054
2019-03-11,0.176,0.176
2019-03-12,0.228,0.228
2019-03-13,0.055,0.051000000000000004
2019-03-14,0.077,0.075
2019-03-15,,
2019-03-16,,
2019-03-17,,
2019-03-18,,
2019-03-19,,
2019-03-20,,
2019-03-21,,
2019-03-22,,
2019-03-23,0.056,0.056
2019-03-24,0.111,0.076
2019-03-25,0.121,0.121
2019-03-26,,
2019-03-27,,
2019-03-28,0.203,0.203
2019-03-29,0.162,0.136
2019-03-30,0.388,0.388
2019-03-31,,
2019-04-01,0.124,0.124
2019-04-02,,
2019-04-03,0.189,0.176
2019-04-04,0.08,0.065
2019-04-05,,
2019-04-06,0.111,0.098
2019-04-07,,
2019-04-08,0.137,0.137
2019-04-09,0.021,0.021
2019-04-10,0.036000000000000004,0.037
2019-04-11,0.162,0.14300000000000002
2019-04-12,0.167,0.167
2019-04-13,0.147,0.108
2019-04-14,0.05,0.05
2019-04-15,,
2019-04-16,,
2019-04-17,0.10200000000000001,0.10200000000000001
2019-04-18,0.011,0.013000000000000001
2019-04-19,0.061,0.061
2019-04-20,0.07,0.059000000000000004
2019-04-21,0.169,0.14200000000000002
2019-04-22,,
2019-04-23,,
2019-04-24,0.179,0.179
2019-04-25,,
2019-04-26,0.083,0.081
2019-04-27,0.17200000000000001,0.075
2019-04-28,0.279,0.177
2019-04-29,,
2019-04-30,,
2019-05-01,0.128,0.122
2019-05-02,,
2019-05-03,,
2019-05-04,,
2019-05-05,0.264,0.264
2019-05-06,0.358,0.247
2019-05-07,0.255,0.215
2019-05-08,0.17500000000000002,0.148
2019-05-09,,
2019-05-10,0.154,0.154
2019-05-11,,
2019-05-12,0.131,0.126
2019-05-13,,
2019-05-14,,
2019-05-15,,
2019-05-16,,
2019-05-17,0.268,0.211
2019-05-18,0.187,0.136
2019-05-19,0.222,0.216
2019-05-20,0.627,0.433
2019-05-21,0.202,0.202
2019-05-22,0.421,0.372
2019-05-23,0.268,0.327
2019-05-24,0.532,0.41100000000000003
2019-05-25,,
2019-05-26,0.429,0.371
2019-05-27,0.41100000000000003,0.381
2019-05-28,0.337,0.337
2019-05-29,0.394,0.264
2019-05-30,,
2019-05-31,,
2019-06-01,,
2019-06-02,0.159,0.159
2019-06-03,,
2019-06-04,,
2019-06-05,,
2019-06-06,0.17500000000000002,0.17500000000000002
2019-06-07,0.337,0.337
2019-06-08,0.137,0.131
2019-06-09,0.07,0.068
2019-06-10,,
2019-06-11,,
2019-06-12,,
2019-06-13,0.08600000000000001,0.08600000000000001
2019-06-14,0.122,0.075
2019-06-15,0.165,0.154
2019-06-16,0.075,0.075
2019-06-17,,
2019-06-18,0.187,0.157
2019-06-19,,
2019-06-20,0.17200000000000001,0.17200000000000001
2019-06-21,,
2019-06-22,0.279,0.279
2019-06-23,,
2019-06-24,0.456,0.456
2019-06-25,0.114,0.114
2019-06-26,,
2019-06-27,,
2019-06-28,,
2019-06-29,0.089,0.089
2019-06-30,0.171,0.171
2019-07-01,0.165,0.165
2019-07-02,,
2019-07-03,,
2019-07-04,,
2019-07-05,,
2019-07-06,0.069,0.069
2019-07-07,,
2019-07-08,,
2019-07-09,0.096,0.09
2019-07-10,0.1,0.1
2019-07-11,,
2019-07-12,,
2019-07-13,,
2019-07-14,,
2019-07-15,,
2019-07-16,,
2019-07-17,0.226,0.226
2019-07-18,0.08,0.08
2019-07-19,0.108,0.108
2019-07-20,0.127,0.121
2019-07-21,0.179,0.179
2019-07-22,,
2019-07-23,,
2019-07-24,,
2019-07-25,0.166,0.139
2019-07-26,,
2019-07-27,,
2019-07-28,,
2019-07-29,0.167,0.167
2019-07-30,,
2019-07-31,0.168,0.161
2019-08-01,0.133,0.078
2019-08-02,,
2019-08-03,,
2019-08-04,,
2019-08-05,0.275,0.275
2019-08-06,,
2019-08-07,0.258,0.258
2019-08-08,0.167,0.167
2019-08-09,0.131,0.131
2019-08-10,0.125,0.11
2019-08-11,0.107,0.107
2019-08-12,0.203,0.185
2019-08-13,,
2019-08-14,0.231,0.231
2019-08-15,,
2019-08-16,0.131,0.131
2019-08-17,,
2019-08-18,0.241,0.241
2019-08-19,0.128,0.121
2019-08-20,0.14100000000000001,0.14100000000000001
2019-08-21,0.245,0.134
2019-08-22,,
2019-08-23,,
2019-08-24,,
2019-08-25,0.356,0.356
2019-08-26,0.20800000000000002,0.20800000000000002
2019-08-27,0.312,0.312
2019-08-28,0.19,0.19
2019-08-29,,
2019-08-30,0.17500000000000002,0.17500000000000002
2019-08-31,,
2019-09-01,0.281,0.281
2019-09-02,0.094,0.094
2019-09-03,,
2019-09-04,,
2019-09-05,,
2019-09-06,0.383,0.383
2019-09-07,,
2019-09-08,0.223,0.223
2019-09-09,,0.116
2019-09-10,0.277,0.277
2019-09-11,,
2019-09-12,,
2019-09-13,,
2019-09-14,,
2019-09-15,0.189,0.189
2019-09-16,,
2019-09-17,0.219,0.219
2019-09-18,,0.133
2019-09-19,0.268,0.268
2019-09-20,0.109,0.109
2019-09-21,0.08600000000000001,0.08600000000000001
2019-09-22,0.21,0.20700000000000002
2019-09-23,,
2019-09-24,0.21,0.21
2019-09-25,,
2019-09-26,,
2019-09-27,,
2019-09-28,0.07200000000000001,0.07200000000000001
2019-09-29,,
2019-09-30,,
2019-10-01,0.184,0.184
2019-10-02,,
2019-10-03,,
2019-10-04,,
2019-10-05,,
2019-10-06,0.078,0.078
2019-10-07,,
2019-10-08,0.089,0.089
2019-10-09,0.093,0.093
2019-10-10,0.075,0.075
2019-10-11,,
2019-10-12,,
2019-10-13,0.133,0.128
2019-10-14,,
2019-10-15,0.099,0.099
2019-10-16,,
2019-10-17,0.088,0.088
2019-10-18,0.129,0.108
2019-10-19,0.108,0.109
2019-10-20,,
2019-10-21,0.089,0.089
2019-10-22,0.11,0.11
2019-10-23,0.154,0.154
2019-10-24,0.183,0.183
2019-10-25,0.07,0.07
2019-10-26,0.022,0.022
2019-10-27,0.13,0.13
2019-10-28,0.113,0.113
2019-10-29,0.365,0.212
2019-10-30,0.07100000000000001,0.07100000000000001
2019-10-31,0.158,0.158
2019-11-01,,
2019-11-02,0.14,0.14
2019-11-03,,
2019-11-04,0.056,0.056
2019-11-05,,
2019-11-06,,
2019-11-07,0.24,0.221
2019-11-08,,
2019-11-09,,
2019-11-10,,0.05
2019-11-11,,
2019-11-12,,
2019-11-13,,
2019-11-14,0.2,0.2
2019-11-15,0.07,0.07
2019-11-16,0.14300000000000002,0.128
2019-11-17,,
2019-11-18,0.094,0.094
2019-11-19,0.156,0.125
2019-11-20,0.049,0.048
2019-11-21,,
2019-11-22,0.045,0.045
2019-11-23,0.093,0.093
2019-11-24,0.025,0.025
2019-11-25,0.004,0.004
2019-11-26,,
2019-11-27,0.156,0.156
2019-11-28,,
2019-11-29,0.088,0.088
2019-11-30,0.031,0.033
2019-12-01,0.042,0.042
2019-12-02,0.03,0.029
2019-12-03,,
2019-12-04,0.018000000000000002,0.018000000000000002
2019-12-05,0.055,0.052000000000000005
2019-12-06,0.047,0.047
2019-12-07,0.098,0.079
2019-12-08,0.043000000000000003,0.042
2019-12-09,0.08700000000000001,0.081
2019-12-10,0.046,0.046
2019-12-11,,
2019-12-12,,
2019-12-13,0.012,0.012
2019-12-14,,0.009000000000000001
2019-12-15,0.005,0.005
2019-12-16,0.03,0.025
2019-12-17,,0.018000000000000002
2019-12-18,0.095,0.088
2019-12-19,,
2019-12-20,,
2019-12-21,,
2019-12-22,0.023,0.023
2019-12-23,0.011,0.015
2019-12-24,0.017,0.017
2019-12-25,0.029,0.031
2019-12-26,0.033,0.033
2019-12-27,0.105,0.101
2019-12-28,,
2019-12-29,,
2019-12-30,0.022,0.019
2019-12-31,,
2020-01-01,,
2020-01-02,,
2020-01-03,0.016,0.014
2020-01-04,,
2020-01-05,,
2020-01-06,,
2020-01-07,0.025,0.023
2020-01-08,,
2020-01-09,0.049,0.043000000000000003
2020-01-10,0.054,0.056
2020-01-11,0.023,0.021
2020-01-12,,
2020-01-13,,
2020-01-14,0.14100000000000001,0.101
2020-01-15,,
2020-01-16,,
2020-01-17,,
2020-01-18,,0.059000000000000004
2020-01-19,,
2020-01-20,,
2020-01-21,0.07200000000000001,0.07200000000000001
2020-01-22,,
2020-01-23,0.041,0.04
2020-01-24,0.17400000000000002,0.101
2020-01-25,,
2020-01-26,0.027,0.025
2020-01-27,0.017,0.018000000000000002
2020-01-28,0.022,0.023
2020-01-29,0.028,0.024
2020-01-30,,
2020-01-31,,
2020-02-01,,
2020-02-02,,
2020-02-03,,
2020-02-04,,
2020-02-05,,
2020-02-06,0.014,0.015
2020-02-07,0.001,0.003
2020-02-08,0.018000000000000002,0.018000000000000002
2020-02-09,0.068,0.068
2020-02-10,,
2020-02-11,0.081,0.081
2020-02-12,,
2020-02-13,0.055,0.054
2020-02-14,,0.019
2020-02-15,0.038,0.038
2020-02-16,0.183,0.183
2020-02-17,0.054,0.054
2020-02-18,0.1,0.1
2020-02-19,0.124,0.124
2020-02-20,0.139,0.139
2020-02-21,,
2020-02-22,0.07,0.07
2020-02-23,,0.055
2020-02-24,0.066,0.065
2020-02-25,0.012,0.024
2020-02-26,0.055,0.054
2020-02-27,0.008,0.02
2020-02-28,0.055,0.055
2020-02-29,0.05,0.05
2020-03-01,,
2020-03-02,0.015,0.015
2020-03-03,,
2020-03-04,0.065,0.065
2020-03-05,,0.049
2020-03-06,,
2020-03-07,,0.022
2020-03-08,,
2020-03-09,,
2020-03-10,,
2020-03-11,0.192,0.192
2020-03-12,,
2020-03-13,0.23900000000000002,0.23900000000000002
2020-03-14,0.39,0.39
2020-03-15,,
2020-03-16,,
2020-03-17,,0.063
2020-03-18,0.223,0.214
2020-03-19,0.162,0.162
2020-03-20,0.121,0.121
2020-03-21,,
2020-03-22,0.213,0.134
2020-03-23,0.123,0.11800000000000001
2020-03-24,,
2020-03-25,0.06,0.058
2020-03-26,0.045,0.041
2020-03-27,0.256,0.229
2020-03-28,,
2020-03-29,,
2020-03-30,,
2020-03-31,,
2020-04-01,,
2020-04-02,,0.021
2020-04-03,0.125,0.125
2020-04-04,,
2020-04-05,,
2020-04-06,,
2020-04-07,,
2020-04-08,,
2020-04-09,,
2020-04-10,,
2020-04-11,,
2020-04-12,0.046,0.045
2020-04-13,0.08600000000000001,0.074
2020-04-14,0.126,0.105
2020-04-15,0.107,0.107
2020-04-16,,
2020-04-17,0.234,0.234
2020-04-18,,
2020-04-19,,
2020-04-20,0.146,0.11
2020-04-21,0.22,0.195
2020-04-22,,0.151
2020-04-23,0.133,0.133
2020-04-24,0.07200000000000001,0.068
2020-04-25,,
2020-04-26,0.228,0.228
2020-04-27,,0.048
2020-04-28,0.209,0.209
2020-04-29,0.194,0.083
2020-04-30,0.136,0.08
2020-05-01,0.067,0.051000000000000004
2020-05-02,0.10300000000000001,0.092
2020-05-03,0.14200000000000002,0.14200000000000002
2020-05-04,,
2020-05-05,0.17,0.17
2020-05-06,,
2020-05-07,0.08,0.076
2020-05-08,,
2020-05-09,,
2020-05-10,,
2020-05-11,,
2020-05-12,0.137,0.137
2020-05-13,,0.079
2020-05-14,0.16,0.16
2020-05-15,0.14,0.198
2020-05-16,0.23500000000000001,0.23500000000000001
2020-05-17,0.17300000000000001,0.11900000000000001
2020-05-18,0.078,0.074
2020-05-19,0.176,0.176
2020-05-20,,
2020-05-21,0.277,0.254
2020-05-22,,
2020-05-23,0.189,0.169
2020-05-24,,0.11800000000000001
2020-05-25,0.268,0.268
2020-05-26,,
2020-05-27,,
2020-05-28,0.165,0.165
2020-05-29,,
2020-05-30,,
2020-05-31,,
2020-06-01,,
2020-06-02,,0.133
2020-06-03,,
2020-06-04,0.114,0.114
2020-06-05,,
2020-06-06,0.065,0.065
2020-06-07,0.10300000000000001,0.08
2020-06-08,0.131,0.131
2020-06-09,,
2020-06-10,0.177,0.177
2020-06-11,,
2020-06-12,,
2020-06-13,0.07200000000000001,0.07200000000000001
2020-06-14,,0.061
2020-06-15,0.279,0.279
2020-06-16,,0.073
2020-06-17,0.194,0.194
2020-06-18,,
2020-06-19,,
2020-06-20,0.13,0.13
2020-06-21,,
2020-06-22,0.094,0.093
2020-06-23,,
2020-06-24,,
2020-06-25,0.221,0.082
2020-06-26,,
2020-06-27,,
2020-06-28,,
2020-06-29,,
2020-06-30,,
2020-07-01,0.171,0.171
2020-07-02,,
2020-07-03,0.12,0.12
2020-07-04,0.108,0.1
2020-07-05,0.057,0.057
2020-07-06,0.094,0.091
2020-07-07,,0.047
2020-07-08,0.258,0.258
2020-07-09,0.23800000000000002,0.23800000000000002
2020-07-10,0.126,0.126
2020-07-11,0.081,0.076
2020-07-12,0.063,0.063
2020-07-13,0.038,0.038
2020-07-14,,
2020-07-15,0.156,0.08700000000000001
2020-07-16,,
2020-07-17,0.247,0.247
2020-07-18,,
2020-07-19,,
2020-07-20,,
2020-07-21,,
2020-07-22,,
2020-07-23,,
2020-07-24,0.153,0.153
2020-07-25,,
2020-07-26,,
2020-07-27,,
2020-07-28,,
2020-07-29,,
2020-07-30,,
2020-07-31,0.296,0.296
2020-08-01,0.089,0.089
2020-08-02,,
2020-08-03,0.16,0.14400000000000002
2020-08-04,0.112,0.11900000000000001
2020-08-05,,
2020-08-06,,
2020-08-07,,
2020-08-08,,
2020-08-09,0.098,0.098
2020-08-10,0.07,0.092
2020-08-11,0.092,0.093
2020-08-12,0.232,0.181
2020-08-13,0.06,0.066
2020-08-14,0.092,0.092
2020-08-15,,
2020-08-16,0.20400000000000001,0.20400000000000001
2020-08-17,,
2020-08-18,,
2020-08-19,,
2020-08-20,0.14400000000000002,0.14400000000000002
2020-08-21,,
2020-08-22,0.579,0.579
2020-08-23,0.212,0.212
2020-08-24,,
2020-08-25,,
2020-08-26,,
2020-08-27,0.271,0.271
2020-08-28,0.227,0.227
2020-08-29,0.14300000000000002,0.14300000000000002
2020-08-30,0.186,0.186
2020-08-31,,
2020-09-01,0.226,0.226
2020-09-02,,
2020-09-03,0.336,0.336
2020-09-04,0.17400000000000002,0.17400000000000002
2020-09-05,,
2020-09-06,,
2020-09-07,,
2020-09-08,,
2020-09-09,,
2020-09-10,,
2020-09-11,,
2020-09-12,,
2020-09-13,,
2020-09-14,,
2020-09-15,,
2020-09-16,,
2020-09-17,0.245,0.245
2020-09-18,,
2020-09-19,0.28700000000000003,0.28700000000000003
2020-09-20,0.224,0.21
2020-09-21,0.272,0.27
2020-09-22,0.23500000000000001,0.229
2020-09-23,0.157,0.157
2020-09-24,0.243,0.23600000000000002
2020-09-25,0.20800000000000002,0.194
2020-09-26,0.213,0.211
2020-09-27,0.074,0.073
2020-09-28,,
2020-09-29,0.085,0.084
2020-09-30,0.035,0.035
2020-10-01,0.031,0.031
2020-10-02,,
2020-10-03,0.085,0.085
2020-10-04,0.176,0.166
2020-10-05,0.145,0.14200000000000002
2020-10-06,0.153,0.153
2020-10-07,0.069,0.069
2020-10-08,0.091,0.08700000000000001
2020-10-09,0.112,0.112
2020-10-10,0.091,0.091
2020-10-11,0.10300000000000001,0.08700000000000001
2020-10-12,0.059000000000000004,0.059000000000000004
2020-10-13,,
2020-10-14,0.168,0.167
2020-10-15,0.093,0.08700000000000001
2020-10-16,0.075,0.075
2020-10-17,0.059000000000000004,0.06
2020-10-18,,
2020-10-19,0.039,0.038
2020-10-20,0.08600000000000001,0.091
2020-10-21,0.095,0.095
2020-10-22,0.133,0.114
2020-10-23,0.048,0.049
2020-10-24,0.137,0.11900000000000001
2020-10-25,0.047,0.047
2020-10-26,0.10300000000000001,0.101
2020-10-27,0.114,0.114
2020-10-28,0.026000000000000002,0.026000000000000002
2020-10-29,0.074,0.065
2020-10-30,0.012,0.012
2020-10-31,0.056,0.053
2020-11-01,0.034,0.034
2020-11-02,0.10200000000000001,0.095
2020-11-03,,
2020-11-04,0.043000000000000003,0.043000000000000003
2020-11-05,0.053,0.051000000000000004
2020-11-06,0.077,0.07200000000000001
2020-11-07,0.109,0.085
2020-11-08,0.055,0.054
2020-11-09,0.095,0.09
2020-11-10,0.047,0.047
2020-11-11,0.094,0.094
2020-11-12,0.163,0.163
2020-11-13,0.106,0.106
2020-11-14,,0.044
2020-11-15,0.17400000000000002,0.17400000000000002
2020-11-16,0.11800000000000001,0.1
2020-11-17,0.053,0.053
2020-11-18,0.1,0.1
2020-11-19,,
2020-11-20,0.043000000000000003,0.043000000000000003
2020-11-21,,
2020-11-22,0.056,0.056
2020-11-23,0.074,0.055
2020-11-24,0.022,0.022
2020-11-25,0.064,0.064
2020-11-26,0.133,0.133
2020-11-27,0.122,0.122
2020-11-28,,
2020-11-29,0.107,0.107
2020-11-30,,
2020-12-01,0.042,0.041
2020-12-02,0.056,0.048
2020-12-03,0.061,0.052000000000000005
2020-12-04,0.095,0.089
2020-12-05,,
2020-12-06,0.028,0.029
2020-12-07,0.015,0.018000000000000002
2020-12-08,0.028,0.028
2020-12-09,0.044,0.039
2020-12-10,,
2020-12-11,,
2020-12-12,,0.062
2020-12-13,0.035,0.033
2020-12-14,0.10200000000000001,0.043000000000000003
2020-12-15,0.027,0.027
2020-12-16,0.02,0.018000000000000002
2020-12-17,0.035,0.033
2020-12-18,0.052000000000000005,0.052000000000000005
2020-12-19,0.039,0.037
2020-12-20,0.051000000000000004,0.048
2020-12-21,,
2020-12-22,0.07,0.07
2020-12-23,0.027,0.026000000000000002
2020-12-24,,
2020-12-25,,
2020-12-26,0.044,0.044
2020-12-27,0.001,0.005
2020-12-28,0.014,0.015
2020-12-29,0.094,0.092
2020-12-30,0.082,0.062
2020-12-31,0.038,0.036000000000000004
