,2005,2006,2007,2008,2009,2010,2011,2012,2013,2014,2015,2016,2017,2018,2019,2020,
01/01,263.711,257.322,253.256,252.478,259.478,248.189,267.767,249.667,255.713,264.067,260.8,239.056,255.422,251.0,254.644,263.75,
01/02,252.3,249.211,252.767,253.489,269.325,255.713,266.056,258.744,279.267,254.467,269.756,253.433,255.822,254.622,255.713,254.6,
01/03,256.356,248.467,247.556,255.711,269.144,250.967,266.111,248.444,254.129,257.856,258.171,255.713,245.922,250.922,273.533,242.311,
01/04,247.989,244.022,251.378,256.856,254.278,254.311,263.544,261.222,263.356,255.713,258.167,258.767,259.567,256.422,251.014,251.011,
01/05,258.556,246.589,243.033,261.789,254.822,257.05,255.713,251.644,265.644,276.867,252.156,251.0,255.713,258.467,267.344,255.713,
01/06,253.967,250.056,250.1,259.056,256.129,251.1,264.5,255.078,261.1,266.767,262.778,251.75,259.5,264.244,259.733,262.933,
01/07,265.133,255.713,240.711,269.233,262.022,255.713,259.489,254.422,259.644,259.822,255.713,250.444,252.033,258.044,266.289,243.1,
01/08,257.489,254.478,225.267,267.144,248.078,254.289,253.211,255.713,255.244,251.556,273.633,252.867,265.95,255.713,263.1,254.789,
01/09,268.644,246.344,242.489,251.378,261.611,255.713,269.9,257.167,260.1,263.178,254.286,248.0,279.256,270.433,274.256,244.2,
01/10,260.656,246.3,243.489,253.111,258.044,260.6,255.713,250.989,255.713,264.467,260.478,255.713,261.367,249.344,258.978,246.178,
01/11,254.4,248.444,259.044,256.589,258.656,239.571,264.844,257.125,257.567,263.089,258.8,270.933,253.833,253.663,255.713,260.067,
01/12,265.067,250.011,255.667,258.167,267.444,246.944,255.713,252.211,256.733,262.533,254.6,243.486,255.713,264.2,258.3,282.489,
01/13,255.722,249.611,254.222,255.713,253.633,252.722,268.422,247.733,255.157,255.713,261.7,251.222,280.9,245.367,257.422,257.544,
01/14,261.978,249.544,252.644,266.567,260.256,249.3,259.033,247.089,246.189,262.7,235.9,245.856,262.014,256.133,261.357,255.713,
01/15,255.256,255.167,251.311,251.156,256.7,253.956,264.3,255.713,246.178,256.156,252.111,250.311,261.511,255.713,264.722,265.067,
01/16,258.711,256.556,249.411,261.189,262.333,241.478,260.089,258.733,246.878,244.675,255.713,252.6,260.744,275.589,250.3,258.056,
01/17,254.622,263.711,242.856,255.711,251.422,249.533,263.2,235.743,255.713,248.2,258.1,240.278,256.111,263.7,265.111,268.325,
01/18,252.922,255.2,248.433,253.478,260.622,255.713,258.722,251.333,267.133,245.189,267.678,247.156,262.3,263.867,255.713,263.656,
01/19,252.467,255.722,251.167,260.722,254.844,247.233,258.656,252.367,249.871,252.233,261.35,255.713,254.344,258.733,276.567,251.189,
01/20,255.713,245.211,256.933,255.078,251.111,252.578,259.2,247.222,253.311,255.713,257.689,256.533,259.011,259.989,250.9,259.244,
01/21,255.656,251.667,254.378,255.667,251.9,252.2,255.713,241.167,242.933,265.233,248.544,255.878,255.713,267.978,270.244,255.713,
01/22,249.589,247.289,250.022,254.367,248.45,254.622,264.667,244.989,246.978,237.967,267.778,256.487,254.267,244.689,263.8,270.133,
01/23,252.433,243.711,252.144,256.2,259.578,255.713,257.078,246.522,250.7,255.244,255.713,246.578,251.6,257.244,251.589,257.014,
01/24,248.578,255.7,256.533,252.489,248.633,248.533,262.922,255.713,250.667,259.011,274.967,245.878,256.05,255.713,259.844,255.922,
01/25,256.978,252.9,246.756,262.633,258.933,255.713,268.622,257.533,245.778,258.0,247.143,249.1,259.767,269.8,279.344,256.056,
01/26,256.589,252.656,255.713,248.3,245.967,266.733,255.713,239.189,255.713,263.7,253.833,255.713,251.189,262.622,268.111,262.811,
01/27,255.044,255.711,252.311,247.944,244.033,236.467,274.033,251.25,250.667,249.956,248.722,266.0,251.244,259.487,255.713,259.944,
01/28,255.833,260.889,241.256,247.222,248.011,240.533,255.713,243.144,245.844,259.333,253.3,239.2,255.713,257.933,266.233,280.744,
01/29,252.878,262.067,251.5,244.211,248.633,255.713,272.589,241.344,240.678,255.713,255.489,257.289,264.233,241.978,255.356,257.356,
01/30,260.8,257.378,242.889,254.533,245.811,252.567,261.333,247.744,256.556,263.6,255.189,250.378,252.343,251.378,263.186,255.713,
01/31,252.767,255.867,239.778,242.489,255.713,247.167,271.678,255.713,249.967,259.511,269.656,251.267,262.444,255.713,256.811,255.9,
02/01,259.0,261.378,247.0,254.8,251.167,230.756,276.256,259.956,250.989,262.3,255.617,255.244,252.678,269.867,239.444,253.789,
02/02,253.078,254.222,236.7,251.233,250.467,241.689,266.3,240.133,255.617,252.667,265.367,244.822,256.722,247.633,256.1,255.0,
02/03,255.122,250.678,247.433,251.256,261.344,255.617,277.011,249.022,263.411,253.6,269.378,254.078,261.467,258.844,255.617,255.689,
02/04,252.433,239.967,244.767,260.022,251.0,246.133,271.122,251.922,235.967,253.644,258.238,255.617,247.789,248.144,283.167,244.533,
02/05,246.722,247.033,249.089,250.889,244.644,238.433,267.056,258.044,261.489,255.617,261.7,253.8,257.822,255.733,272.871,254.556,
02/06,249.311,252.2,240.844,257.9,257.6,230.45,255.617,261.833,247.411,272.933,259.678,246.256,255.617,257.867,266.922,255.617,
02/07,245.911,251.944,251.6,260.133,255.617,234.611,273.767,260.689,254.911,245.767,258.633,269.589,261.7,259.689,267.333,270.7,
02/08,260.556,255.617,249.456,261.011,256.456,255.617,268.711,254.222,262.067,258.311,255.617,257.367,252.267,253.411,260.533,248.4,
02/09,252.556,252.333,250.189,260.667,245.356,242.033,267.388,255.617,258.233,254.833,267.1,252.489,258.275,255.617,258.433,259.311,
02/10,265.822,244.022,251.467,255.617,253.511,255.617,269.733,258.533,259.167,253.633,261.9,256.122,261.156,251.4,255.411,252.544,
02/11,266.856,248.256,251.478,254.311,259.744,258.367,255.617,256.422,255.617,257.0,270.822,255.617,250.622,249.644,257.9,259.556,
02/12,249.633,246.011,255.533,253.722,254.067,239.933,264.589,254.222,251.633,245.6,262.267,273.3,252.3,243.087,255.617,252.933,
02/13,256.533,255.567,236.411,257.633,256.822,248.778,255.617,258.256,253.844,258.933,257.044,258.4,255.617,241.456,266.967,273.533,
02/14,254.7,247.933,249.7,255.617,251.633,235.122,269.533,248.111,252.7,255.617,267.1,262.211,276.667,251.0,256.089,256.056,
02/15,254.311,242.956,249.689,256.933,250.589,239.333,253.467,253.511,259.278,259.9,233.811,254.5,261.214,253.122,271.35,255.617,
02/16,243.911,246.9,256.044,254.578,255.617,241.111,272.867,255.617,265.167,248.722,264.011,259.0,263.256,255.617,260.067,259.333,
02/17,247.389,245.233,256.244,265.533,254.833,241.433,267.411,267.733,258.844,259.567,255.617,258.289,258.778,267.367,247.478,258.511,
02/18,244.044,252.489,252.778,257.844,245.856,238.467,260.9,247.5,255.617,252.689,269.833,256.1,252.433,250.114,256.744,278.863,
02/19,243.789,239.744,256.033,255.656,251.967,255.617,268.233,266.767,269.044,250.644,250.922,256.822,260.5,247.2,255.617,259.2,
02/20,247.078,263.967,259.033,261.678,247.656,244.233,266.456,254.289,256.3,258.778,258.843,255.617,242.367,240.133,272.067,251.311,
02/21,255.617,256.156,262.322,253.044,251.378,244.922,267.733,255.556,256.178,255.617,254.789,259.7,272.222,244.067,253.4,260.078,
02/22,253.711,255.667,245.711,254.633,249.511,249.4,255.617,259.0,261.167,273.333,250.344,252.878,255.617,248.489,262.322,255.617,
02/23,245.444,249.278,258.689,254.7,255.617,242.322,271.233,255.189,259.456,254.3,254.767,258.067,265.967,253.633,259.278,270.467,
02/24,250.933,251.544,259.922,261.3,256.5,255.617,262.656,258.9,262.856,256.656,255.617,259.833,256.0,246.389,258.378,257.743,
02/25,246.722,254.933,260.033,258.211,242.867,242.622,275.822,255.617,250.856,258.244,271.467,249.822,266.25,255.617,262.844,256.644,
02/26,251.8,249.0,251.244,272.967,252.978,255.617,264.756,258.033,259.644,251.6,256.786,248.556,260.378,262.833,265.389,252.878,
02/27,251.056,249.967,255.617,259.178,256.644,249.367,255.617,247.133,255.617,260.2,266.111,255.617,259.278,244.667,266.656,249.467,
02/28,240.611,255.617,257.533,265.311,255.389,244.833,259.6,253.943,261.367,256.733,259.144,263.6,256.067,253.8,255.617,259.589,
03/01,248.3,257.742,255.511,261.978,269.7,249.444,257.742,250.922,262.867,257.956,256.078,241.733,257.742,252.344,259.067,286.544,
03/02,243.478,257.742,243.2,264.533,265.2,241.678,276.367,253.656,257.167,257.742,267.011,252.722,271.667,241.711,248.489,257.133,
03/03,250.711,268.178,251.478,272.667,259.711,245.9,258.6,262.878,249.733,272.233,258.656,249.911,272.986,252.144,292.075,257.742,
03/04,247.556,258.833,257.044,252.022,257.742,244.322,265.133,257.742,255.844,257.956,260.544,244.9,268.144,257.742,262.322,258.567,
03/05,239.756,260.811,262.456,261.444,265.7,244.056,261.922,274.067,257.044,265.163,257.742,248.889,264.4,269.567,249.244,224.944,
03/06,242.456,265.089,266.2,253.322,256.933,246.433,264.8,271.586,257.742,258.222,260.167,245.067,260.533,246.129,258.644,268.887,
03/07,250.233,258.611,259.467,255.133,262.967,257.742,270.411,267.678,265.833,254.867,265.856,250.189,265.089,260.3,257.742,255.589,
03/08,248.467,250.467,263.844,255.822,262.733,247.533,259.678,263.022,257.967,258.044,263.962,257.742,240.211,246.089,279.533,255.789,
03/09,239.956,250.733,262.867,250.433,252.422,245.978,263.2,267.022,265.889,257.742,256.856,253.733,262.378,257.742,270.629,248.978,
03/10,258.633,252.544,258.967,262.1,256.489,259.95,257.742,264.722,267.067,267.633,255.067,248.278,257.742,256.556,262.356,257.742,
03/11,242.311,254.133,260.2,257.0,256.8,249.1,269.967,258.778,260.878,260.786,262.367,253.0,265.4,244.611,258.967,274.3,
03/12,248.833,252.033,260.078,265.378,261.178,257.742,261.844,259.367,266.9,266.3,257.742,252.333,257.742,256.344,261.667,244.857,
03/13,248.222,253.611,254.889,258.567,253.211,248.011,260.833,257.742,262.156,261.544,270.067,243.6,257.742,257.742,263.867,260.9,
03/14,254.544,245.6,255.8,257.742,256.778,257.742,269.967,262.933,264.367,252.0,259.9,247.889,257.742,255.667,268.733,253.978,
03/15,241.956,254.767,249.6,263.378,255.5,258.333,257.742,256.244,257.742,263.911,261.722,257.742,257.742,250.356,264.744,262.311,
03/16,241.456,246.822,254.667,260.178,255.178,237.267,262.4,263.912,266.6,263.656,255.578,257.067,257.742,253.986,257.742,263.111,
03/17,244.6,251.3,250.967,250.744,254.033,257.8,257.742,260.089,271.4,265.8,261.322,234.986,257.742,254.067,263.233,289.444,
03/18,244.622,254.833,256.667,257.742,257.742,246.633,285.589,261.133,266.933,257.742,256.956,250.822,275.733,250.4,266.111,259.344,
03/19,255.633,244.0,249.178,264.822,258.433,251.433,266.033,256.2,256.489,259.9,252.433,252.989,253.286,257.489,277.213,257.742,
03/20,246.011,246.667,260.333,249.733,252.8,250.444,270.911,257.742,257.989,252.433,255.722,244.456,270.089,257.742,264.778,256.067,
03/21,242.933,249.567,253.0,262.811,258.433,247.011,267.344,266.5,257.978,254.25,257.742,253.4,256.778,275.833,257.633,253.089,
03/22,255.967,258.0,262.633,258.378,255.3,256.867,264.733,260.386,257.742,261.878,259.1,247.067,264.256,258.0,260.111,252.388,
03/23,248.667,251.367,261.8,258.178,259.0,257.742,269.311,262.767,266.456,256.578,256.211,251.478,277.589,267.711,257.742,263.367,
03/24,255.033,253.411,264.456,257.622,254.433,250.2,264.678,258.311,248.6,255.867,259.643,257.742,250.444,255.456,276.367,248.267,
03/25,257.742,260.944,263.022,254.433,252.978,243.444,267.044,257.656,261.711,257.742,255.7,252.6,270.267,255.044,262.267,255.167,
03/26,249.722,261.011,255.433,258.467,261.344,251.625,257.742,255.844,251.844,267.933,252.656,245.367,257.742,262.356,268.856,257.742,
03/27,247.922,265.422,247.922,253.922,257.742,256.178,265.0,264.067,252.033,261.043,251.822,267.525,273.7,265.511,266.167,270.767,
03/28,248.0,254.8,258.6,259.089,272.689,257.742,265.544,256.611,252.056,263.933,257.742,241.0,259.244,266.089,265.756,250.343,
03/29,248.189,251.289,251.344,255.4,251.567,253.311,287.9,257.742,254.422,260.011,263.733,245.967,265.637,257.742,260.911,258.044,
03/30,253.467,243.011,254.867,258.733,258.656,257.742,266.433,259.067,252.789,254.122,252.0,245.411,271.233,264.7,257.978,256.067,
03/31,252.656,248.8,257.742,255.078,257.889,262.233,257.742,256.389,257.742,258.8,257.778,257.742,257.742,251.467,260.4,261.656,
04/01,255.956,244.833,244.011,251.278,257.144,235.3,264.744,261.1,260.633,250.311,257.833,257.633,263.711,260.043,254.346,265.911,
04/02,253.867,260.756,258.444,258.1,256.744,257.733,254.346,261.522,254.044,260.356,256.144,238.4,254.346,248.756,263.633,292.911,
04/03,244.911,252.144,257.7,258.244,254.346,241.922,269.5,258.444,238.871,254.346,256.7,254.133,282.333,241.667,260.811,255.8,
04/04,251.911,248.011,256.233,262.044,258.778,244.7,263.7,257.256,253.244,262.333,244.589,247.133,257.243,251.256,265.85,254.346,
04/05,255.344,244.967,260.967,251.833,254.346,247.5,258.822,254.346,249.0,261.911,260.989,249.344,267.333,254.346,264.522,257.4,
04/06,255.467,243.944,263.144,256.744,260.533,248.022,263.156,263.9,254.289,265.763,254.346,256.311,252.911,262.833,253.544,251.344,
04/07,257.144,244.933,248.111,258.433,255.6,247.678,254.346,246.4,254.346,259.933,256.2,244.056,252.8,248.157,256.178,242.386,
04/08,254.346,252.911,256.067,257.722,265.033,254.346,262.9,259.933,267.4,256.244,255.4,250.578,259.233,272.967,254.346,255.989,
04/09,251.978,251.544,255.233,254.367,254.5,245.0,255.489,254.189,251.886,256.311,250.633,254.346,245.733,254.456,270.533,245.556,
04/10,254.767,246.344,256.433,253.6,259.078,245.533,256.633,259.222,255.389,254.346,253.356,253.133,264.367,256.789,253.1,252.922,
04/11,254.344,249.567,248.367,258.244,255.322,246.625,254.346,259.378,257.678,267.533,243.411,254.6,254.346,255.311,257.622,254.346,
04/12,252.467,254.346,252.133,260.867,254.346,244.878,275.467,260.389,248.844,265.733,257.956,247.837,265.667,260.044,251.678,276.867,
04/13,250.433,254.346,254.622,259.6,265.733,254.346,258.167,265.622,258.033,272.6,254.346,249.878,263.678,257.822,256.611,248.914,
04/14,254.233,255.622,251.344,254.6,249.044,243.578,256.45,254.346,252.611,261.333,261.3,241.867,264.4,254.346,260.4,251.333,
04/15,257.733,242.067,244.867,259.067,256.5,254.346,260.833,263.233,255.3,259.478,248.75,246.922,266.522,254.867,268.678,239.478,
04/16,257.522,254.133,247.511,259.322,256.167,250.867,254.346,259.656,254.346,264.711,251.878,254.346,255.122,251.256,266.744,255.233,
04/17,247.333,247.344,248.7,254.411,261.811,238.186,254.367,258.667,259.9,256.844,249.811,260.3,260.167,255.775,254.346,256.844,
04/18,259.1,257.167,241.333,252.933,260.056,246.0,254.346,259.667,259.578,259.378,249.389,241.2,254.346,257.789,267.7,281.978,
04/19,242.822,251.6,245.3,254.346,254.346,247.233,267.033,260.156,250.433,254.346,253.889,246.244,274.067,251.289,261.522,251.733,
04/20,247.322,258.478,249.889,255.867,259.567,250.1,248.743,256.544,258.156,266.2,236.756,249.422,258.4,253.967,266.4,254.346,
04/21,241.111,262.033,258.178,257.678,254.35,245.5,257.756,254.346,252.067,252.989,249.789,246.544,260.078,254.346,255.067,258.133,
04/22,238.0,253.733,245.122,253.867,253.933,237.411,254.889,267.833,250.167,246.913,254.346,252.767,256.078,277.0,248.311,247.878,
04/23,238.833,254.278,245.056,249.533,248.756,241.8,254.346,259.8,254.346,252.067,256.867,249.122,248.267,229.814,247.267,254.114,
04/24,245.3,249.089,250.767,256.356,244.663,254.346,260.889,262.289,265.7,251.1,249.889,249.678,263.211,259.0,254.346,254.789,
04/25,249.667,249.967,247.689,249.578,261.589,244.133,255.933,254.489,251.167,252.011,261.525,254.346,241.667,247.489,269.7,248.5,
04/26,254.346,251.456,250.933,246.578,254.346,240.378,264.778,256.378,247.689,254.346,257.711,255.833,258.678,254.422,250.557,247.256,
04/27,246.567,247.1,243.478,263.122,249.311,240.05,254.346,259.089,248.556,257.367,255.244,248.2,254.346,253.711,258.844,254.346,
04/28,235.344,248.333,244.0,247.833,254.346,248.967,261.167,257.533,253.833,245.067,247.956,250.9,260.1,259.511,249.344,263.867,
04/29,239.311,244.933,244.356,255.522,266.633,254.346,254.9,253.967,259.1,258.544,254.346,246.967,259.067,264.833,255.633,243.414,
04/30,238.622,252.256,249.489,249.144,249.9,250.567,252.25,254.346,262.189,254.467,255.533,238.389,253.2,254.346,252.089,267.656,
05/01,246.7,241.556,251.989,249.589,255.811,248.087,259.467,255.033,248.633,249.789,236.633,247.544,249.156,256.2,259.344,248.022,
05/02,248.211,251.867,248.087,245.8,249.622,250.078,248.087,248.311,248.087,251.789,248.789,248.087,237.8,253.033,247.244,246.489,
05/03,244.522,243.767,251.144,250.567,253.167,239.267,253.0,248.512,266.133,245.011,242.678,255.8,251.167,260.243,248.087,244.333,
05/04,244.333,250.789,247.367,252.889,253.311,248.156,248.087,248.322,252.078,251.111,246.144,249.271,248.087,251.067,249.533,273.544,
05/05,238.0,245.656,245.267,250.5,253.456,243.1,265.4,246.111,246.15,248.087,246.944,251.556,264.633,248.533,250.467,241.878,
05/06,250.589,243.233,244.811,253.033,250.689,244.467,250.733,247.922,249.933,248.1,232.367,247.544,249.743,247.489,254.243,248.087,
05/07,240.311,227.533,247.811,245.0,248.087,244.433,254.056,248.087,240.522,250.056,245.1,250.8,258.389,248.087,254.456,257.9,
05/08,239.6,238.544,250.167,244.2,253.6,247.444,251.378,254.2,241.911,231.812,248.087,250.822,255.367,264.333,246.411,246.0,
05/09,241.911,243.444,241.833,251.011,250.489,243.978,248.087,249.857,248.087,243.378,250.733,241.7,254.122,240.714,250.178,250.963,
05/10,240.667,248.087,240.467,251.878,268.9,248.087,253.922,254.044,258.8,247.233,243.211,249.833,257.844,253.222,248.087,249.244,
05/11,236.333,244.456,243.311,253.878,244.356,243.833,252.433,248.911,244.767,250.444,241.267,248.087,255.711,239.544,260.433,239.011,
05/12,237.989,255.822,247.333,252.011,248.087,241.878,248.078,257.0,246.867,248.087,242.456,248.033,256.767,246.744,240.929,245.322,
05/13,243.889,249.567,234.622,258.911,251.344,243.067,248.087,258.378,244.678,260.867,243.056,248.233,248.087,245.378,247.089,248.087,
05/14,236.867,246.3,242.844,242.833,248.087,251.267,241.5,251.056,247.922,252.8,244.1,253.771,254.933,254.889,248.244,257.767,
05/15,236.178,242.111,246.289,257.711,256.933,248.087,246.0,250.389,248.344,256.289,248.087,247.867,253.589,244.833,245.911,245.129,
05/16,237.922,248.344,247.233,250.444,251.422,244.422,254.025,248.087,224.189,251.222,252.333,239.311,243.65,248.087,254.833,247.078,
05/17,246.7,239.867,242.433,250.489,263.056,248.087,244.422,254.267,247.1,247.722,237.267,244.122,256.544,253.5,273.644,243.344,
05/18,245.6,246.633,241.467,251.878,247.367,247.1,248.087,250.111,248.087,261.189,248.087,248.087,248.778,244.578,250.278,247.689,
05/19,244.767,240.922,246.144,257.1,253.767,233.4,243.289,247.125,252.967,246.767,239.033,250.567,253.678,241.986,248.087,247.356,
05/20,244.533,255.867,243.522,249.444,257.356,242.067,248.087,249.367,252.067,253.633,249.889,242.986,248.087,238.122,249.867,275.978,
05/21,242.578,245.867,242.367,248.087,253.944,239.367,254.767,246.389,244.675,248.087,244.611,240.744,274.3,241.5,247.644,242.233,
05/22,242.578,247.989,238.1,254.267,254.089,241.967,232.7,255.4,246.867,253.3,230.733,239.122,269.357,243.811,248.229,248.087,
05/23,238.578,256.2,251.767,254.0,246.575,245.667,246.589,248.087,237.044,256.278,240.078,245.289,265.222,248.087,255.1,239.633,
05/24,261.578,249.311,251.889,248.288,252.733,237.667,244.244,268.767,243.733,244.033,248.087,249.011,263.933,262.633,239.956,244.2,
05/25,236.256,252.578,246.978,252.044,246.644,244.922,248.087,250.033,248.087,250.356,240.867,243.567,257.467,242.157,245.122,248.862,
05/26,244.156,247.1,247.667,244.922,254.7,248.087,244.5,255.578,254.667,247.933,243.567,241.122,253.322,252.844,248.087,241.778,
05/27,241.667,251.367,246.2,244.333,249.0,242.867,237.778,251.278,245.467,243.289,239.9,248.087,240.344,246.333,263.133,233.522,
05/28,248.087,245.533,254.178,238.567,248.087,240.778,243.289,250.767,252.422,248.087,244.733,248.0,249.6,249.367,236.357,244.844,
05/29,247.267,248.822,251.022,251.433,246.422,240.075,248.087,259.367,250.9,255.133,236.589,244.622,248.087,249.644,247.233,248.087,
05/30,243.356,243.367,235.889,237.133,248.087,238.444,245.6,256.022,247.533,243.8,239.589,234.629,262.2,259.5,243.3,254.733,
05/31,243.033,241.978,243.289,251.489,256.8,248.087,249.856,250.744,256.389,253.689,248.087,248.087,258.478,242.422,246.3,235.443,
06/01,243.022,247.189,239.267,244.422,244.456,239.844,251.9,248.087,259.378,251.189,249.267,248.087,257.375,249.828,240.767,237.167,
06/02,251.456,243.1,239.222,246.611,249.356,249.828,249.344,250.6,254.6,251.222,242.133,249.828,255.878,248.5,258.889,241.344,
06/03,248.289,243.367,249.828,257.956,243.956,249.756,249.828,252.822,249.828,257.933,247.678,249.828,251.222,242.722,243.367,238.267,
06/04,247.133,244.444,243.667,251.178,252.5,236.633,242.978,239.988,259.9,245.467,242.089,249.828,253.122,240.537,249.828,247.744,
06/05,246.833,246.178,245.189,249.111,251.644,242.167,249.828,251.933,252.133,251.811,240.333,249.828,249.828,248.144,241.733,273.4,
06/06,244.333,249.189,244.067,245.956,250.022,249.011,255.544,244.989,261.688,249.828,246.689,249.828,268.3,239.867,242.633,242.644,
06/07,251.544,245.444,247.933,257.233,245.878,253.633,247.633,251.067,256.433,261.3,243.722,249.828,249.714,246.278,253.7,249.828,
06/08,248.156,248.667,248.822,250.467,249.828,250.467,248.7,249.828,253.067,249.544,249.456,249.828,260.933,249.828,245.478,240.933,
06/09,246.511,247.389,252.1,252.757,252.4,246.211,249.844,257.267,254.078,249.163,249.828,249.828,242.822,258.567,244.089,243.422,
06/10,245.333,253.456,249.511,253.056,245.233,244.189,249.828,240.9,249.828,248.922,250.7,249.828,247.056,244.229,249.278,244.943,
06/11,240.4,248.433,253.033,249.811,242.462,249.828,252.567,258.756,264.6,237.989,250.411,249.828,252.089,241.311,249.828,246.389,
06/12,237.711,245.156,251.911,252.111,236.333,245.767,248.689,247.822,252.6,244.467,239.7,249.828,253.989,239.344,259.3,241.456,
06/13,234.011,252.0,254.878,243.944,249.828,244.556,254.189,253.333,259.089,249.828,248.211,249.828,248.822,245.811,245.943,242.344,
06/14,243.956,254.156,242.178,257.3,240.967,246.488,249.828,250.678,258.622,261.833,245.856,249.828,249.828,248.211,251.911,249.828,
06/15,237.044,251.133,242.789,248.622,249.828,254.189,250.0,251.678,272.089,249.667,245.356,252.237,251.533,271.3,251.333,249.733,
06/16,244.611,249.828,243.444,251.389,261.233,249.828,246.022,247.133,254.589,251.933,249.828,246.556,249.956,247.422,248.111,240.129,
06/17,242.144,258.956,242.067,252.811,242.344,246.167,246.462,249.828,258.711,251.156,255.9,246.333,244.75,249.828,249.289,238.578,
06/18,242.011,254.033,242.933,255.422,251.022,249.828,252.356,251.833,261.289,256.589,239.9,246.944,251.622,251.0,260.211,235.956,
06/19,245.067,256.822,230.467,256.878,241.833,250.133,249.828,253.178,249.828,254.622,251.789,249.828,246.256,254.244,251.9,245.5,
06/20,238.111,252.611,243.067,263.211,245.533,243.7,251.489,248.35,258.433,246.278,249.478,257.1,249.844,248.588,249.828,246.467,
06/21,243.7,258.067,238.044,260.811,249.989,250.444,249.828,256.9,264.3,251.956,251.756,254.157,249.828,255.211,245.033,279.378,
06/22,244.756,258.122,239.956,249.828,251.644,246.211,259.567,250.478,272.375,249.828,248.433,249.867,255.967,245.5,244.022,253.256,
06/23,252.133,260.222,246.211,262.633,249.522,244.833,251.0,247.244,263.522,257.5,247.878,247.078,246.586,249.467,244.2,249.828,
06/24,247.511,264.733,243.967,253.056,237.8,250.456,250.733,249.828,259.3,251.433,248.667,252.0,258.667,249.828,253.333,245.433,
06/25,243.667,261.533,251.611,265.243,251.333,248.111,251.333,258.933,261.933,253.288,249.828,247.311,247.644,257.0,244.422,253.611,
06/26,250.411,263.544,251.089,264.244,249.833,250.767,249.828,226.3,249.828,253.3,249.933,248.256,248.133,242.014,247.144,243.929,
06/27,251.733,254.856,251.4,255.867,247.533,249.828,251.022,248.989,263.7,250.578,247.989,249.867,249.856,252.011,249.828,248.356,
06/28,245.444,256.011,248.867,253.4,258.556,249.4,250.111,250.833,249.957,250.667,239.7,249.828,254.733,247.411,257.967,237.767,
06/29,249.828,257.967,253.811,250.211,249.828,243.1,244.322,249.378,259.133,249.828,245.867,248.9,254.556,247.933,241.143,250.033,
06/30,252.344,259.789,242.967,261.133,256.811,248.275,249.828,253.089,246.633,265.744,241.7,246.6,249.828,250.878,255.111,249.828,
07/01,246.389,254.144,239.5,257.333,254.937,242.289,252.567,252.567,242.256,253.367,244.4,244.038,251.367,263.433,250.644,259.433,
07/02,248.333,255.278,242.044,260.756,258.7,254.937,247.844,252.456,253.578,253.589,254.937,247.844,248.656,249.4,254.937,250.514,
07/03,248.7,257.433,250.311,262.944,245.844,253.133,245.113,254.937,247.922,253.0,260.067,244.967,244.8,254.937,252.156,257.656,
07/04,247.989,244.378,237.511,260.778,253.089,254.937,251.8,250.167,258.8,253.189,244.067,248.3,245.178,249.7,275.644,242.978,
07/05,247.689,248.967,254.937,263.411,249.4,269.233,254.937,255.878,254.937,254.278,252.978,254.937,243.456,251.622,252.922,253.756,
07/06,240.456,238.922,247.678,264.556,258.167,254.389,253.444,248.637,253.667,242.733,261.922,260.233,250.667,252.937,254.937,253.633,
07/07,248.4,245.667,248.189,266.756,254.433,252.333,254.937,253.622,257.122,253.456,252.633,249.657,254.937,251.7,247.8,270.656,
07/08,250.411,244.722,244.756,268.3,253.5,246.344,262.9,246.133,262.575,254.937,256.1,253.678,268.333,249.322,241.044,251.478,
07/09,253.889,248.422,249.278,267.433,253.244,258.533,246.229,250.067,264.022,265.7,243.344,252.156,261.743,248.133,250.025,254.937,
07/10,249.9,248.7,245.4,264.6,254.937,259.033,251.811,254.937,255.311,262.944,252.367,252.767,258.6,254.937,252.589,253.633,
07/11,253.4,249.744,239.378,304.625,251.533,254.937,252.978,261.5,257.633,256.033,254.937,255.222,253.111,262.233,239.256,255.933,
07/12,255.822,251.322,243.733,263.011,251.756,251.578,254.937,246.933,254.937,251.444,254.767,253.844,261.844,245.257,245.978,250.257,
07/13,251.333,248.522,248.9,265.778,250.7,254.937,258.522,256.478,267.967,250.811,254.233,258.433,254.867,253.0,254.937,264.167,
07/14,251.522,252.856,242.7,262.256,258.289,249.233,254.937,259.533,259.233,250.222,255.838,254.937,247.0,249.222,261.5,256.133,
07/15,249.867,259.033,250.056,260.122,254.937,244.044,253.1,257.467,255.222,254.937,252.167,257.467,252.8,252.389,244.375,257.189,
07/16,258.944,259.111,240.322,265.167,253.156,253.437,254.937,257.222,258.5,266.067,257.556,258.467,254.937,248.422,251.7,254.937,
07/17,249.744,253.689,251.233,261.722,254.937,253.267,255.5,261.333,259.844,265.5,252.956,250.225,259.767,264.033,253.789,275.867,
07/18,251.489,254.937,244.178,258.467,262.956,254.937,253.933,254.433,267.356,263.367,254.937,259.233,246.844,249.978,256.033,257.986,
07/19,245.633,248.767,243.267,255.0,251.978,252.2,240.363,254.937,261.911,254.044,262.633,256.133,247.143,254.937,255.678,266.522,
07/20,253.744,245.822,250.222,256.022,257.567,254.937,247.233,252.833,267.3,255.056,251.5,252.211,249.389,259.5,284.867,256.022,
07/21,251.544,247.967,246.867,266.289,255.978,271.333,254.937,254.389,254.937,260.2,253.8,254.937,241.589,252.556,254.178,261.533,
07/22,248.722,252.244,258.356,261.933,253.7,256.867,250.133,250.438,257.333,253.167,242.622,263.8,250.789,249.571,254.937,258.333,
07/23,253.033,254.778,254.267,263.556,261.011,265.567,254.937,256.544,269.689,256.678,250.356,257.829,254.937,249.422,253.867,253.933,
07/24,256.022,260.467,255.267,254.937,253.933,261.556,261.9,249.122,266.238,254.937,265.622,254.078,290.833,247.956,247.489,251.278,
07/25,256.0,258.867,251.833,265.467,253.011,270.067,248.129,252.878,268.622,256.367,249.978,254.467,253.229,245.533,252.9,254.937,
07/26,249.978,262.133,257.217,270.633,248.375,267.622,252.0,254.937,262.1,251.611,253.578,254.2,259.833,254.937,256.3,247.167,
07/27,254.0,263.367,251.433,264.733,254.7,264.289,250.089,265.3,270.089,250.338,254.937,258.744,256.789,261.1,247.7,254.333,
07/28,251.556,262.8,254.033,266.489,253.222,262.878,254.937,257.086,254.937,264.211,260.567,263.6,262.767,248.157,252.178,252.871,
07/29,253.0,260.8,260.633,255.3,236.0,254.937,259.644,259.822,275.033,262.2,255.9,259.456,263.167,252.444,254.937,253.933,
07/30,253.656,265.456,260.267,255.022,252.678,258.6,254.937,257.111,260.9,260.311,252.612,254.937,259.1,243.256,276.533,248.744,
07/31,254.937,262.778,258.644,244.811,254.937,262.356,253.833,252.211,268.122,254.937,263.6,263.5,260.867,252.378,246.514,262.044,
08/01,261.333,265.622,254.5,257.111,251.756,260.588,261.542,259.378,269.889,273.433,245.022,257.244,261.542,253.133,256.6,254.937,
08/02,253.322,261.7,251.0,250.233,261.542,259.722,253.733,256.178,266.967,265.633,252.322,267.214,256.3,277.967,252.822,271.6,
08/03,252.6,261.333,255.467,261.211,259.0,261.542,257.222,252.522,271.544,267.989,261.542,263.5,250.711,256.167,253.689,253.771,
08/04,253.044,265.444,257.589,265.733,247.922,258.633,262.262,261.542,271.111,265.211,263.9,261.433,255.45,261.542,263.156,258.7,
08/05,252.589,257.222,253.5,269.544,251.5,261.542,252.878,259.367,274.789,261.967,254.767,260.9,254.578,258.3,247.267,249.0,
08/06,251.256,267.167,261.542,269.3,252.811,273.033,261.542,257.478,261.542,266.422,261.933,261.542,254.644,253.911,259.911,252.133,
08/07,251.489,264.411,251.478,270.656,258.567,258.567,258.489,251.825,272.667,257.778,265.2,284.967,251.522,241.857,261.542,255.678,
08/08,251.4,267.811,242.956,268.611,261.922,262.711,261.542,259.733,276.911,261.022,253.144,265.557,261.542,247.311,257.667,270.744,
08/09,259.589,275.944,254.3,271.6,253.1,260.4,268.0,255.844,259.825,261.542,256.578,268.711,268.367,255.078,262.133,252.533,
08/10,265.178,263.256,254.044,266.5,256.267,265.333,250.867,261.0,264.744,269.167,248.578,258.211,249.743,253.778,253.986,261.542,
08/11,259.722,260.933,258.25,267.1,261.542,265.633,261.067,261.542,257.611,270.233,251.8,253.056,260.189,261.542,254.933,253.8,
08/12,259.922,262.022,257.644,264.167,255.767,261.233,260.089,283.867,259.822,251.737,261.542,265.278,261.111,270.433,243.722,258.044,
08/13,262.611,262.244,259.322,263.478,260.333,264.867,261.542,253.133,261.542,268.033,257.4,256.844,256.378,257.257,251.567,253.488,
08/14,257.422,262.289,260.9,259.444,238.788,261.542,268.544,253.411,268.067,260.867,255.789,267.467,265.4,269.156,261.542,257.689,
08/15,248.522,262.411,260.189,263.922,253.667,268.967,261.542,249.411,260.767,266.778,248.4,261.542,269.067,261.178,268.533,251.833,
08/16,244.956,267.033,262.711,254.578,261.542,263.667,260.133,253.244,268.356,261.542,256.867,266.233,259.933,253.456,249.5,264.711,
08/17,255.3,258.356,256.667,266.678,259.567,266.45,261.542,263.711,266.667,274.167,258.589,265.711,261.542,264.867,255.289,261.542,
08/18,247.144,264.4,263.522,258.589,261.542,265.311,259.2,262.489,263.867,262.5,255.767,260.471,256.967,279.667,248.456,272.733,
08/19,254.3,261.542,256.0,256.167,260.5,261.542,264.133,260.122,264.8,269.956,261.542,261.656,261.889,262.567,255.711,264.314,
08/20,255.589,267.3,260.3,262.633,254.589,265.444,256.912,261.542,266.667,272.356,262.6,259.611,260.571,261.542,259.989,263.544,
08/21,260.167,255.944,259.633,259.9,254.9,261.542,261.489,257.833,262.056,272.222,257.033,263.422,261.542,262.067,273.733,256.433,
08/22,259.967,260.233,248.778,260.5,256.444,274.3,261.542,255.056,261.542,276.856,264.922,261.542,256.111,259.622,264.9,255.944,
08/23,258.556,262.356,254.389,265.233,264.433,266.243,263.944,256.638,260.9,265.356,254.878,282.033,256.367,265.357,261.542,264.978,
08/24,255.3,265.767,256.456,266.189,262.878,267.222,261.542,264.222,259.767,273.344,262.644,264.643,261.542,270.067,255.133,292.3,
08/25,263.967,264.144,259.1,261.542,263.956,269.144,275.467,261.667,260.35,261.542,258.889,271.111,280.133,252.744,263.822,261.289,
08/26,262.444,270.311,249.667,262.3,263.133,268.567,260.9,267.722,266.9,270.533,257.544,257.867,266.2,266.078,256.175,261.542,
08/27,256.978,269.9,254.34,262.589,261.542,272.356,274.7,261.542,265.122,271.033,261.333,267.233,269.089,261.542,262.067,256.933,
08/28,260.944,267.633,261.278,261.033,260.733,261.244,273.011,277.033,265.267,263.9,261.542,265.756,264.6,281.4,253.811,263.489,
08/29,256.067,271.5,258.333,263.633,261.356,268.344,261.542,265.9,261.542,274.3,262.033,258.656,266.989,288.6,258.567,260.3,
08/30,254.311,270.478,265.6,260.056,255.175,261.542,278.544,262.767,280.2,265.522,260.078,264.078,265.211,278.6,261.542,263.0,
08/31,260.978,274.044,264.833,263.411,260.567,270.267,261.542,265.756,266.314,268.022,251.075,261.542,269.689,277.344,275.033,249.4,
09/01,267.943,268.789,271.444,265.567,267.943,266.756,272.078,268.911,273.178,267.943,264.533,266.667,266.844,268.178,251.429,260.811,
09/02,262.589,263.344,266.744,272.278,264.867,263.063,267.943,276.3,268.033,273.067,258.911,260.056,267.943,270.289,272.278,267.943,
09/03,263.056,260.567,274.344,268.711,267.943,272.244,276.867,271.578,271.689,261.267,264.089,266.486,264.2,280.711,257.944,279.633,
09/04,265.867,261.722,270.711,269.4,270.833,267.943,267.967,265.467,280.978,267.811,267.943,270.367,266.656,270.389,260.778,256.771,
09/05,263.567,267.222,263.378,267.167,257.178,271.522,269.825,267.943,269.678,276.078,278.9,263.278,267.786,267.943,262.533,266.9,
09/06,267.911,268.922,266.633,262.689,264.767,267.943,263.844,261.2,266.633,278.622,263.033,265.333,268.056,267.433,284.389,268.833,
09/07,263.0,268.5,267.943,268.767,258.589,285.4,267.943,268.0,267.943,277.2,271.111,267.943,258.2,264.956,261.122,272.744,
09/08,258.5,268.033,272.456,265.744,237.067,276.533,270.244,284.0,264.967,271.989,263.789,279.333,264.856,269.414,267.943,268.411,
09/09,259.867,267.722,262.411,260.578,263.789,276.633,267.943,270.433,265.844,285.644,264.4,271.557,267.943,272.478,262.1,307.233,
09/10,265.322,273.022,260.1,262.144,257.522,275.244,284.233,277.744,266.412,267.943,273.2,268.222,288.3,258.744,256.811,266.911,
09/11,269.722,263.278,272.967,264.733,254.367,275.6,253.533,273.0,267.522,278.5,266.967,261.9,272.65,262.833,263.314,267.943,
09/12,257.189,265.633,268.0,267.389,267.943,276.822,276.111,267.943,258.333,274.033,281.611,266.344,265.422,267.943,255.489,264.0,
09/13,265.189,259.967,267.189,263.033,261.6,269.322,266.644,278.0,265.6,278.613,267.943,271.6,264.267,278.7,255.411,281.244,
09/14,262.833,261.567,265.933,267.544,259.944,266.756,267.943,265.986,267.943,272.344,278.3,272.667,260.089,254.657,260.589,272.363,
09/15,262.089,251.756,261.267,263.656,253.663,267.943,274.578,266.322,266.933,261.5,276.467,281.789,270.9,278.667,267.943,276.2,
09/16,265.922,252.789,264.633,266.011,263.822,279.667,267.943,268.078,264.467,263.289,249.95,267.943,279.156,255.744,272.467,257.289,
09/17,254.756,261.789,265.989,257.433,267.943,279.289,276.333,273.633,271.533,267.943,268.956,276.8,271.9,266.633,256.929,264.033,
09/18,271.178,267.256,267.167,269.311,265.367,285.8,267.943,274.967,253.589,281.467,265.778,280.256,267.943,254.578,259.133,267.943,
09/19,263.911,267.067,264.8,263.322,267.943,286.3,283.667,269.511,263.811,280.9,276.033,269.8,262.0,277.033,257.144,277.2,
09/20,261.978,267.943,267.233,264.167,272.067,267.943,277.189,269.856,259.9,286.811,267.943,269.578,267.0,267.833,261.467,258.571,
09/21,262.167,264.989,263.744,263.189,248.278,276.322,283.925,267.943,260.567,280.144,283.7,265.056,260.314,267.943,256.244,270.933,
09/22,264.378,258.444,264.367,263.822,265.422,267.943,273.689,265.8,266.033,273.3,268.6,270.756,263.389,264.9,277.311,275.467,
09/23,269.044,260.2,261.333,270.422,253.822,287.567,267.943,256.056,267.943,280.122,280.756,267.943,257.889,268.633,266.878,274.244,
09/24,267.911,264.8,261.111,264.056,258.733,281.233,270.411,262.587,268.333,261.033,275.178,284.933,260.022,247.688,267.943,275.056,
09/25,257.567,271.122,271.978,263.522,256.956,280.978,267.943,273.433,267.678,274.689,269.156,265.129,267.943,268.544,259.5,291.678,
09/26,255.178,269.333,269.9,267.943,262.122,281.778,277.8,268.022,267.913,267.943,276.7,265.856,282.267,254.389,268.267,275.389,
09/27,259.922,263.689,270.0,268.767,266.489,280.8,261.386,271.022,265.522,280.0,267.1,253.556,273.671,267.522,260.5,267.943,
09/28,260.533,265.733,269.1,267.943,267.943,278.644,274.067,267.943,260.9,281.367,270.556,259.789,277.411,267.943,270.167,265.6,
09/29,274.911,263.122,268.7,267.943,258.667,267.943,270.978,276.867,262.967,283.0,267.943,257.667,258.311,281.033,255.433,271.344,
09/30,273.7,265.578,260.622,267.943,267.033,277.467,267.943,267.367,267.943,282.856,264.567,239.422,265.244,267.614,258.178,272.138,
10/01,269.7,263.389,262.0,267.944,269.05,268.119,270.233,266.367,265.7,277.611,264.733,267.311,264.967,275.011,268.119,280.489,
10/02,274.578,266.289,261.778,267.422,276.178,272.733,268.119,262.511,264.886,277.178,276.725,268.119,261.878,264.6,276.333,270.511,
10/03,268.119,258.167,262.778,257.867,268.119,271.189,272.122,267.978,256.767,268.119,274.733,267.167,267.411,273.056,255.4,268.611,
10/04,278.567,256.311,260.789,270.9,258.844,282.463,268.119,267.133,262.067,286.4,270.122,258.6,268.119,267.711,277.933,268.119,
10/05,280.244,262.6,266.833,266.067,268.119,290.189,275.433,259.6,252.211,283.867,269.444,268.514,289.3,279.3,268.011,289.433,
10/06,267.211,252.589,266.5,270.7,268.9,268.119,272.567,258.511,269.967,270.444,268.119,261.8,267.444,271.344,271.322,285.267,
10/07,278.6,254.556,265.078,276.944,254.844,283.511,272.667,268.119,268.989,285.0,274.1,261.489,271.638,268.119,269.589,275.144,
10/08,271.444,245.967,254.567,275.267,256.067,268.119,271.633,252.733,265.311,275.144,258.433,264.244,266.811,278.833,306.744,282.089,
10/09,277.756,251.467,268.119,271.211,251.967,290.667,268.119,254.4,268.119,282.1,263.1,268.119,273.0,286.656,263.056,282.444,
10/10,273.067,258.644,268.644,274.7,257.5,279.286,264.189,260.475,266.233,262.722,257.922,284.233,274.511,274.775,268.119,279.778,
10/11,276.9,262.067,265.822,269.756,258.689,288.767,268.119,260.867,256.578,270.3,254.9,260.1,268.119,276.389,262.9,310.1,
10/12,269.144,264.367,265.667,268.244,249.611,290.244,270.089,252.244,253.625,268.119,257.056,265.189,268.119,257.978,268.911,273.489,
10/13,263.733,249.411,273.722,269.833,254.911,278.467,250.733,261.333,267.533,267.767,248.8,259.967,282.343,270.8,259.6,268.119,
10/14,272.889,255.667,266.94,270.078,268.119,286.022,269.133,268.119,260.544,265.044,254.267,263.3,277.522,268.119,271.111,270.133,
10/15,255.2,254.678,275.244,266.7,259.867,287.256,269.233,272.833,262.178,260.6,268.119,258.811,273.422,289.233,264.2,276.822,
10/16,259.611,255.6,273.778,273.767,254.667,283.511,268.119,258.867,268.119,270.367,263.767,261.689,272.822,271.657,259.444,271.656,
10/17,271.533,248.789,255.767,270.822,254.788,268.119,271.256,272.667,272.467,270.456,264.4,275.222,271.878,277.778,268.119,281.467,
10/18,265.778,265.233,272.278,269.0,264.189,291.033,268.119,256.322,265.743,276.522,260.7,268.119,275.556,271.956,282.767,269.522,
10/19,266.922,253.4,268.722,264.989,268.119,287.578,260.533,266.344,272.278,268.119,269.644,263.533,268.789,276.167,264.4,267.567,
10/20,266.111,252.978,260.367,271.967,263.889,294.063,268.119,267.322,264.878,281.6,258.6,273.222,268.119,273.156,282.222,268.119,
10/21,262.744,260.411,270.167,258.022,268.119,298.5,280.433,274.144,266.889,259.967,267.022,255.9,268.119,272.389,270.967,285.6,
10/22,259.467,268.119,258.933,264.178,270.467,268.119,264.867,268.0,275.211,274.011,268.119,257.611,258.156,264.8,268.811,266.433,
10/23,260.5,261.933,267.511,262.656,261.678,286.111,265.433,268.119,265.167,253.056,274.733,264.067,254.25,268.119,256.167,276.378,
10/24,263.411,256.678,266.889,265.567,268.011,268.119,266.311,264.733,265.122,268.267,268.533,257.422,267.556,262.533,281.967,269.133,
10/25,271.167,256.733,265.867,262.711,266.178,279.467,268.119,266.967,268.119,264.033,267.111,268.119,261.733,265.1,266.289,274.133,
10/26,265.356,251.067,271.489,264.067,263.9,278.267,273.233,254.95,266.433,261.211,263.111,285.467,262.4,270.8,268.119,270.4,
10/27,258.8,262.0,263.767,261.133,259.289,279.911,268.119,271.256,262.733,266.933,270.122,268.771,268.119,273.311,263.733,296.4,
10/28,268.567,266.956,268.533,268.119,270.789,269.089,288.089,261.989,273.688,268.119,275.811,269.089,280.7,269.467,268.411,271.511,
10/29,266.956,262.833,258.344,272.267,261.589,283.933,272.767,269.656,272.133,265.233,262.9,255.333,265.529,268.756,260.9,268.119,
10/30,270.811,261.933,269.667,273.222,268.119,289.189,280.944,268.119,261.3,265.589,276.9,258.656,274.078,268.119,265.633,265.767,
10/31,253.389,251.078,268.2,261.333,268.033,279.456,260.356,278.533,255.622,265.85,268.119,253.867,266.956,296.733,261.289,267.444,
11/01,266.622,261.422,262.089,270.578,266.511,272.344,263.372,261.729,263.372,257.067,268.333,239.567,261.944,277.586,263.122,273.487,
11/02,258.689,259.811,264.167,263.9,275.15,263.372,281.456,264.011,275.367,264.556,276.656,257.989,268.467,284.7,263.372,279.233,
11/03,255.489,264.044,261.122,257.344,260.711,281.567,263.372,277.122,257.433,268.978,271.375,263.372,266.122,279.6,278.3,260.978,
11/04,263.372,257.333,258.444,260.789,263.372,288.711,269.389,269.967,266.278,263.372,278.989,252.567,270.4,283.111,260.214,266.478,
11/05,265.056,258.633,251.489,276.222,256.178,284.763,263.372,264.022,262.033,268.778,268.844,250.467,263.372,273.922,260.244,263.372,
11/06,260.644,258.544,259.5,279.678,263.372,278.522,269.533,273.922,271.833,272.867,262.367,258.975,267.5,271.678,260.456,283.667,
11/07,265.433,255.1,269.222,265.189,271.033,263.372,278.167,269.667,270.244,273.878,263.372,265.422,265.889,266.444,267.167,269.667,
11/08,263.256,264.9,267.867,262.478,257.367,279.933,269.125,263.372,264.667,265.933,278.233,255.378,252.087,263.372,260.9,267.978,
11/09,254.511,256.633,268.822,261.089,261.122,263.372,271.333,262.433,258.533,259.956,254.114,269.889,267.8,265.167,292.444,266.956,
11/10,246.567,265.122,263.372,265.989,258.533,282.467,263.372,261.4,263.372,265.956,276.622,263.372,258.289,266.678,264.956,268.056,
11/11,249.511,268.556,269.867,253.133,263.267,271.567,260.278,259.729,263.867,265.367,266.489,273.767,252.744,259.875,263.372,273.978,
11/12,255.933,264.956,254.956,262.089,262.811,283.078,263.372,252.067,260.167,267.456,272.767,267.2,263.372,258.667,263.267,292.056,
11/13,259.522,261.044,261.822,263.556,255.389,277.911,281.867,255.533,262.922,263.372,278.867,260.133,284.3,240.4,249.322,267.122,
11/14,257.244,267.2,268.644,265.067,261.022,288.667,266.8,257.978,263.922,265.9,264.389,248.4,266.371,250.456,264.35,263.372,
11/15,254.6,265.667,267.533,271.356,263.372,280.211,267.789,263.372,260.144,263.2,272.856,250.367,265.722,263.372,252.278,265.633,
11/16,252.867,263.567,274.933,249.867,262.0,272.511,269.344,269.9,255.656,256.667,263.372,254.633,252.933,278.9,245.222,268.567,
11/17,260.511,264.856,281.644,260.089,260.056,278.044,263.372,252.357,263.372,259.967,266.533,244.911,256.289,254.586,246.556,271.95,
11/18,259.222,275.267,271.167,260.756,283.9,263.372,271.233,254.222,261.711,259.767,265.0,261.444,254.156,273.356,263.372,270.1,
11/19,259.344,256.756,270.867,257.644,271.589,274.533,263.372,257.889,246.2,259.922,263.95,263.372,259.967,266.911,268.767,257.944,
11/20,253.556,266.733,266.578,248.7,263.372,271.7,265.267,251.6,259.722,263.372,265.944,260.233,260.844,265.733,246.233,266.589,
11/21,255.411,263.978,266.789,269.067,264.878,258.944,263.372,257.333,252.933,272.067,254.622,263.4,263.372,259.544,260.433,263.372,
11/22,249.278,253.011,260.367,259.867,263.372,262.311,266.833,255.389,255.344,258.733,263.044,257.9,272.067,255.556,256.033,279.533,
11/23,252.667,263.372,272.6,258.744,276.933,263.372,257.044,255.467,255.489,264.2,263.372,259.7,263.533,255.322,259.367,258.6,
11/24,258.489,261.722,273.633,253.756,256.078,260.011,249.589,263.372,258.167,250.7,274.133,245.811,265.813,263.372,260.711,270.911,
11/25,254.878,256.422,257.922,263.267,270.533,263.372,270.956,257.933,252.956,262.8,264.443,250.167,261.778,250.1,294.578,261.211,
11/26,258.0,260.9,253.678,252.667,257.933,267.822,263.372,252.789,263.372,268.689,268.367,263.372,258.244,233.644,256.744,265.133,
11/27,257.067,261.856,264.611,251.578,266.344,259.567,265.233,253.213,265.333,246.878,259.611,267.233,264.233,260.475,263.372,266.544,
11/28,259.233,259.211,255.989,254.222,267.333,268.9,263.372,258.744,257.989,260.3,272.589,246.786,263.372,251.233,252.633,288.511,
11/29,260.644,262.767,257.767,263.372,260.756,278.022,275.422,250.989,258.433,263.372,268.744,256.489,277.867,241.367,256.9,266.644,
11/30,261.244,252.722,253.189,257.167,260.489,272.067,257.5,253.133,263.189,268.067,262.756,247.222,264.043,243.489,263.875,263.372,
12/01,248.5,251.2,257.657,248.689,258.606,272.589,276.444,263.372,256.2,265.533,266.611,248.222,266.644,258.606,253.156,257.433,
12/02,256.456,246.667,255.644,252.688,261.067,268.122,263.867,267.733,240.222,259.625,258.606,258.989,255.267,266.5,242.889,272.589,
12/03,249.833,253.378,253.278,248.911,268.067,268.378,258.606,255.133,258.606,257.667,268.233,249.6,256.344,240.057,258.044,257.625,
12/04,261.467,243.278,253.833,248.089,253.411,258.606,267.4,259.033,276.556,260.333,263.756,259.556,268.778,256.533,258.606,265.2,
12/05,257.111,249.067,255.433,252.711,256.656,277.467,258.606,247.767,265.533,263.156,256.387,258.606,260.033,258.489,272.989,261.011,
12/06,258.606,254.0,257.967,248.2,258.606,273.867,260.522,257.389,263.722,258.606,260.233,256.7,264.778,252.8,260.367,267.356,
12/07,258.622,252.856,252.178,263.8,247.6,273.456,258.606,258.633,253.567,276.1,251.889,254.389,258.606,253.511,265.867,258.606,
12/08,252.167,247.856,251.367,248.8,258.606,288.489,267.367,258.856,262.411,258.9,258.144,245.825,271.367,245.678,246.933,287.633,
12/09,260.167,241.244,261.489,253.744,255.333,258.606,263.833,254.489,265.522,262.311,258.606,258.078,257.611,262.856,261.044,264.933,
12/10,252.911,255.267,259.156,264.467,244.689,262.922,259.175,258.606,258.333,267.211,270.133,243.556,268.312,258.606,258.444,267.189,
12/11,257.978,242.4,262.678,259.978,250.911,258.606,263.0,266.9,262.844,257.744,260.071,259.833,257.722,260.467,260.567,249.456,
12/12,257.0,247.044,258.606,268.889,248.611,281.433,258.606,267.922,258.606,264.322,260.411,258.606,252.022,257.067,258.333,259.656,
12/13,262.044,248.511,266.689,260.4,244.044,258.3,257.389,262.2,263.433,250.822,250.044,274.333,252.633,272.371,258.606,265.322,
12/14,259.567,244.344,258.956,262.489,242.022,266.967,258.606,273.556,260.089,261.222,257.989,256.943,258.606,267.556,258.667,293.356,
12/15,258.7,248.522,269.956,259.556,239.189,263.678,271.9,254.878,249.75,258.606,257.722,255.367,278.333,251.244,257.2,258.606,
12/16,258.767,248.178,261.311,262.633,243.933,269.9,254.5,255.511,259.244,265.1,263.933,247.256,243.4,259.089,261.413,258.606,
12/17,255.2,253.5,262.111,250.256,258.606,263.8,259.911,258.606,256.833,253.667,272.078,250.711,259.156,258.606,259.922,258.967,
12/18,259.878,251.511,263.5,261.725,246.4,270.211,248.256,273.9,254.811,253.963,258.606,253.178,250.233,271.0,246.367,264.489,
12/19,255.044,254.211,258.606,255.9,245.711,266.633,258.606,253.314,258.606,252.844,262.333,248.189,251.156,265.357,254.822,277.95,
12/20,260.189,247.211,256.589,255.556,248.062,258.606,254.333,267.889,262.833,249.956,254.244,253.989,256.967,261.278,258.606,269.433,
12/21,252.756,253.167,256.189,257.589,251.911,269.633,252.022,260.567,253.014,253.544,269.35,258.606,264.922,241.256,263.4,253.7,
12/22,250.5,251.633,255.767,249.086,258.606,264.233,253.1,264.6,263.078,258.606,261.811,254.333,250.922,251.878,253.033,260.533,
12/23,257.889,253.7,255.089,263.233,261.589,261.733,258.606,272.689,261.678,266.478,256.078,246.833,258.606,255.756,257.156,258.606,
12/24,252.656,249.689,262.3,250.478,258.606,270.389,261.967,274.567,265.967,249.833,257.011,236.75,262.967,268.867,237.578,281.167,
12/25,255.056,258.606,262.411,262.222,270.133,258.606,249.933,271.711,270.156,256.367,258.606,251.711,249.122,257.022,256.478,264.367,
12/26,250.489,258.367,259.489,261.278,242.067,267.356,272.756,258.606,263.833,245.044,273.3,249.622,246.437,258.606,254.356,265.567,
12/27,249.256,250.244,258.556,260.111,263.267,258.606,269.489,259.467,261.956,251.611,258.7,257.689,249.878,262.467,258.111,251.367,
12/28,250.978,255.589,254.522,260.467,244.967,281.567,255.089,264.322,258.606,268.956,281.589,258.606,248.878,253.8,244.6,250.9,
12/29,250.911,255.578,266.822,252.067,254.611,261.367,261.4,257.875,263.8,245.922,258.511,276.867,249.422,261.986,258.606,251.433,
12/30,252.4,259.344,260.322,253.833,253.9,271.478,258.606,262.767,254.467,262.867,259.167,254.986,258.606,261.711,251.533,315.722,
12/31,250.8,264.222,255.056,259.567,250.911,262.722,267.211,255.056,256.163,258.606,261.689,265.078,269.256,248.1,247.889,254.922,
