,"(25.5,-100.5)",PM10,PM2.5
2015-01-01,,32.0,16.0
2015-01-02,,49.0,14.0
2015-01-03,,44.0,30.0
2015-01-04,,40.0,5.0
2015-01-05,,73.0,22.0
2015-01-06,,116.0,22.0
2015-01-07,,,25.0
2015-01-08,0.2461,57.0,8.0
2015-01-09,,44.0,7.0
2015-01-10,,15.0,
2015-01-11,0.0442,,14.0
2015-01-12,,171.0,72.0
2015-01-13,,18.0,10.0
2015-01-14,,23.0,7.0
2015-01-15,,41.0,
2015-01-16,,72.0,
2015-01-17,,132.0,23.0
2015-01-18,0.1298,39.0,13.0
2015-01-19,,289.0,18.0
2015-01-20,0.0353,113.0,37.0
2015-01-21,,112.0,31.0
2015-01-22,,67.0,34.0
2015-01-23,0.3138,70.0,
2015-01-24,0.1748,125.0,16.0
2015-01-25,,83.0,
2015-01-26,,98.0,7.0
2015-01-27,0.0789,71.0,5.0
2015-01-28,,123.0,46.0
2015-01-29,0.0387,130.0,25.0
2015-01-30,,69.0,13.0
2015-01-31,,62.0,14.0
2015-02-01,,104.0,5.0
2015-02-02,,21.0,20.0
2015-02-03,,29.0,13.0
2015-02-04,0.1644,151.0,45.0
2015-02-05,,49.0,
2015-02-06,,53.0,10.0
2015-02-07,0.0424,244.0,101.0
2015-02-08,0.1479,66.0,
2015-02-09,0.0761,46.0,22.0
2015-02-10,0.1925,92.0,16.0
2015-02-11,0.0931,76.0,33.0
2015-02-12,,19.0,
2015-02-13,,82.0,
2015-02-14,,42.0,
2015-02-15,,84.0,33.0
2015-02-16,,56.0,
2015-02-17,,56.0,
2015-02-18,0.1682,76.0,9.0
2015-02-19,0.1562,103.0,20.0
2015-02-20,,232.0,63.0
2015-02-21,0.04732,140.0,21.0
2015-02-22,,127.0,12.0
2015-02-23,,15.0,6.0
2015-02-24,0.3257,54.0,8.0
2015-02-25,0.3677,76.0,22.0
2015-02-26,0.1839,86.0,21.0
2015-02-27,,25.0,15.0
2015-02-28,0.0371,24.0,15.0
2015-03-01,,69.0,41.0
2015-03-02,0.0677,31.0,
2015-03-03,0.27899999999999997,180.0,47.0
2015-03-04,0.0986,158.0,42.0
2015-03-05,,41.0,
2015-03-06,,52.0,12.0
2015-03-07,,56.0,
2015-03-08,,95.0,38.0
2015-03-09,0.1222,93.0,26.0
2015-03-10,,30.0,14.0
2015-03-11,,58.0,25.0
2015-03-12,0.2004,58.0,17.0
2015-03-13,,60.0,17.0
2015-03-14,,,22.0
2015-03-15,,,24.0
2015-03-16,,,32.0
2015-03-17,,39.0,
2015-03-18,,76.0,22.0
2015-03-19,0.2389,184.0,59.0
2015-03-20,,153.0,37.0
2015-03-21,,33.0,18.0
2015-03-22,0.1874,47.0,
2015-03-23,0.1002,130.0,17.0
2015-03-24,0.2752,87.0,12.0
2015-03-25,0.07575,103.0,22.0
2015-03-26,,122.0,27.0
2015-03-27,0.142,86.0,10.0
2015-03-28,0.3884,111.0,31.0
2015-03-29,0.16699999999999998,139.0,33.0
2015-03-30,0.0894,95.0,9.0
2015-03-31,0.3419,80.0,24.0
2015-04-01,0.1193,111.0,17.0
2015-04-02,0.11693333333333332,161.0,7.0
2015-04-03,0.1314,78.0,39.0
2015-04-04,,20.0,6.0
2015-04-05,,39.0,19.0
2015-04-06,0.22666,112.0,20.0
2015-04-07,,92.0,43.0
2015-04-08,,165.0,68.0
2015-04-09,0.24275,112.0,68.0
2015-04-10,,70.0,5.0
2015-04-11,,119.0,22.0
2015-04-12,,103.0,14.0
2015-04-13,0.3328333333333333,119.0,34.0
2015-04-14,,36.0,
2015-04-15,,80.0,64.0
2015-04-16,0.2498,110.0,16.0
2015-04-17,,106.0,7.0
2015-04-18,0.27090000000000003,76.0,36.0
2015-04-19,0.10736666666666668,46.0,
2015-04-20,0.3705000000000001,33.0,11.0
2015-04-21,0.2257,78.0,46.0
2015-04-22,,45.0,24.0
2015-04-23,0.5723,102.0,77.0
2015-04-24,0.1909,123.0,42.0
2015-04-25,0.32118,68.0,19.0
2015-04-26,,48.0,28.0
2015-04-27,,41.0,12.0
2015-04-28,0.0713,35.0,6.0
2015-04-29,0.2869,40.0,13.0
2015-04-30,0.1546,48.0,7.0
2015-05-01,0.1989,61.0,33.0
2015-05-02,0.192375,85.0,14.0
2015-05-03,0.1985,63.0,21.0
2015-05-04,,24.0,
2015-05-05,,73.0,14.0
2015-05-06,0.4733,12.0,
2015-05-07,,76.0,36.0
2015-05-08,0.2875,138.0,71.0
2015-05-09,0.2295666666666667,99.0,
2015-05-10,,129.0,
2015-05-11,,151.0,
2015-05-12,,56.0,
2015-05-13,,50.0,18.0
2015-05-14,,76.0,22.0
2015-05-15,0.26534,104.0,28.0
2015-05-16,0.1847,103.0,33.0
2015-05-17,0.21944,99.0,28.0
2015-05-18,,135.0,43.0
2015-05-19,0.2449,70.0,35.0
2015-05-20,,94.0,47.0
2015-05-21,,83.0,
2015-05-22,0.28175,97.0,
2015-05-23,,80.0,
2015-05-24,,104.0,
2015-05-25,0.1761,88.0,
2015-05-26,0.1676,101.0,
2015-05-27,,108.0,
2015-05-28,,52.0,24.0
2015-05-29,,74.0,12.0
2015-05-30,,52.0,33.0
2015-05-31,0.2344,24.0,14.0
2015-06-01,0.0737,36.0,19.0
2015-06-02,0.1918,61.0,
2015-06-03,0.1829,69.0,45.0
2015-06-04,0.2696,58.0,20.0
2015-06-05,,65.0,20.0
2015-06-06,,59.0,18.0
2015-06-07,0.8249,36.0,10.0
2015-06-08,,79.0,31.0
2015-06-09,0.5054000000000001,54.0,45.0
2015-06-10,0.2425333333333333,65.0,11.0
2015-06-11,0.207425,38.0,24.0
2015-06-12,0.1773,55.0,25.0
2015-06-13,0.2995,54.0,24.0
2015-06-14,,50.0,23.0
2015-06-15,,28.0,14.0
2015-06-16,,63.0,51.0
2015-06-17,,29.0,10.0
2015-06-18,,,26.0
2015-06-19,,,13.0
2015-06-20,0.1792,,
2015-06-21,,,
2015-06-22,,151.0,50.0
2015-06-23,,133.0,23.0
2015-06-24,0.3336,60.0,11.0
2015-06-25,,64.0,20.0
2015-06-26,0.14626666666666668,89.0,34.0
2015-06-27,,70.0,25.0
2015-06-28,,66.0,30.0
2015-06-29,0.2458,75.0,17.0
2015-06-30,,69.0,15.0
2015-07-01,,67.0,22.0
2015-07-02,,80.0,
2015-07-03,,92.0,39.0
2015-07-04,0.2188,,24.0
2015-07-05,0.3280666666666667,,30.0
2015-07-06,0.26280000000000003,,28.0
2015-07-07,0.3025333333333333,65.0,15.0
2015-07-08,,91.0,20.0
2015-07-09,0.9076,80.0,19.0
2015-07-10,0.1794,65.0,22.0
2015-07-11,0.3708,63.0,13.0
2015-07-12,0.227,60.0,23.0
2015-07-13,0.1592,124.0,51.0
2015-07-14,0.354,92.0,31.0
2015-07-15,0.12308571428571427,103.0,46.0
2015-07-16,,80.0,49.0
2015-07-17,0.1344,73.0,46.0
2015-07-18,0.319,34.0,5.0
2015-07-19,0.1886,46.0,12.0
2015-07-20,0.3166,101.0,22.0
2015-07-21,0.3016,47.0,30.0
2015-07-22,0.2867,92.0,
2015-07-23,0.2875,61.0,
2015-07-24,,54.0,
2015-07-25,0.30875,93.0,
2015-07-26,0.1652,50.0,
2015-07-27,,92.0,23.0
2015-07-28,0.3696,117.0,38.0
2015-07-29,0.1362,105.0,42.0
2015-07-30,0.4382,87.0,9.0
2015-07-31,0.2816,60.0,17.0
2015-08-01,,50.0,18.0
2015-08-02,0.114,57.0,5.0
2015-08-03,0.3175,61.0,25.0
2015-08-04,0.2354,91.0,38.0
2015-08-05,0.3636,59.0,35.0
2015-08-06,0.2237,102.0,50.0
2015-08-07,0.1162,90.0,42.0
2015-08-08,0.2817666666666667,81.0,26.0
2015-08-09,0.1193,72.0,33.0
2015-08-10,0.3756,77.0,24.0
2015-08-11,0.12589999999999998,65.0,
2015-08-12,0.5993,51.0,
2015-08-13,0.2546,44.0,
2015-08-14,0.3389333333333333,55.0,12.0
2015-08-15,,49.0,20.0
2015-08-16,,21.0,14.0
2015-08-17,,47.0,28.0
2015-08-18,,70.0,16.0
2015-08-19,0.3695,123.0,18.0
2015-08-20,,42.0,
2015-08-21,0.3581,61.0,10.0
2015-08-22,,80.0,12.0
2015-08-23,0.2549,68.0,38.0
2015-08-24,0.4896,55.0,14.0
2015-08-25,0.12,81.0,26.0
2015-08-26,0.3588,60.0,
2015-08-27,0.244175,52.0,5.0
2015-08-28,,55.0,28.0
2015-08-29,0.1645,84.0,33.0
2015-08-30,0.35336666666666666,58.0,47.0
2015-08-31,,58.0,
2015-09-01,0.2287,41.0,36.0
2015-09-02,,74.0,
2015-09-03,,68.0,12.0
2015-09-04,,61.0,
2015-09-05,0.1897,48.0,
2015-09-06,0.2666,43.0,
2015-09-07,0.2119,82.0,
2015-09-08,0.2282,82.0,
2015-09-09,,83.0,
2015-09-10,,82.0,
2015-09-11,,53.0,
2015-09-12,,74.0,7.0
2015-09-13,0.3734500000000001,61.0,18.0
2015-09-14,0.2831,46.0,21.0
2015-09-15,0.2739,37.0,
2015-09-16,,43.0,
2015-09-17,0.1866,44.0,
2015-09-18,,43.0,
2015-09-19,,48.0,37.0
2015-09-20,0.54505,32.0,
2015-09-21,,52.0,22.0
2015-09-22,,59.0,8.0
2015-09-23,0.2551,46.0,21.0
2015-09-24,0.1792,54.0,
2015-09-25,,29.0,
2015-09-26,,39.0,
2015-09-27,,28.0,20.0
2015-09-28,,,5.0
2015-09-29,,32.0,
2015-09-30,,41.0,
2015-10-01,0.1873,56.0,
2015-10-02,,59.0,
2015-10-03,0.14946666666666664,68.0,35.0
2015-10-04,,71.0,
2015-10-05,,46.0,
2015-10-06,,48.0,
2015-10-07,,46.0,36.0
2015-10-08,,50.0,
2015-10-09,,29.0,
2015-10-10,0.2285,35.0,
2015-10-11,,34.0,11.0
2015-10-12,0.10803333333333333,91.0,44.0
2015-10-13,,,32.0
2015-10-14,0.0977,57.0,34.0
2015-10-15,0.3065,53.0,
2015-10-16,,52.0,12.0
2015-10-17,,55.0,16.0
2015-10-18,,45.0,
2015-10-19,0.09075,60.0,
2015-10-20,,42.0,
2015-10-21,0.086,72.0,17.0
2015-10-22,0.3439,25.0,16.0
2015-10-23,,47.0,21.0
2015-10-24,,42.0,
2015-10-25,0.16616666666666666,21.0,
2015-10-26,0.0697,33.0,
2015-10-27,,94.0,30.0
2015-10-28,0.0779,62.0,33.0
2015-10-29,,63.0,23.0
2015-10-30,,168.0,17.0
2015-10-31,,37.0,
2015-11-01,0.1188,35.0,
2015-11-02,0.08965000000000001,64.0,
2015-11-03,,77.0,
2015-11-04,,131.0,37.0
2015-11-05,,72.0,17.0
2015-11-06,,74.0,49.0
2015-11-07,,60.0,16.0
2015-11-08,,28.0,5.0
2015-11-09,0.1712,52.0,27.0
2015-11-10,0.1491,89.0,
2015-11-11,0.084,190.0,
2015-11-12,,45.0,
2015-11-13,,44.0,
2015-11-14,,30.0,
2015-11-15,,18.0,
2015-11-16,0.1944,69.0,
2015-11-17,0.2662,66.0,
2015-11-18,0.0915,61.0,
2015-11-19,,65.0,
2015-11-20,0.1357,58.0,
2015-11-21,,52.0,
2015-11-22,0.0546,46.0,
2015-11-23,0.139,42.0,
2015-11-24,0.156,65.0,
2015-11-25,0.1757,79.0,10.0
2015-11-26,0.14625,51.0,
2015-11-27,,81.0,
2015-11-28,,23.0,
2015-11-29,0.0894,31.0,
2015-11-30,,83.0,13.0
2015-12-01,0.1288,77.0,
2015-12-02,,43.0,
2015-12-03,0.0743,56.0,
2015-12-04,0.1417,50.0,
2015-12-05,,,
2015-12-06,0.0823,,
2015-12-07,,83.0,29.0
2015-12-08,0.0639,162.0,
2015-12-09,0.1242,120.0,
2015-12-10,0.0856,115.0,
2015-12-11,0.21020000000000005,243.0,
2015-12-12,,88.0,
2015-12-13,0.0703,84.0,
2015-12-14,,88.0,
2015-12-15,0.034,78.0,
2015-12-16,0.0714,40.0,
2015-12-17,0.1502,78.0,
2015-12-18,0.1890333333333333,63.0,52.0
2015-12-19,0.066,67.0,18.0
2015-12-20,,,
2015-12-21,,,21.0
2015-12-22,0.08860000000000001,121.0,53.0
2015-12-23,,121.0,62.0
2015-12-24,0.03558333333333333,115.0,49.0
2015-12-25,0.222,63.0,45.0
2015-12-26,,100.0,55.0
2015-12-27,0.2239,217.0,
2015-12-28,0.12335,86.0,42.0
2015-12-29,0.05296666666666666,76.0,15.0
2015-12-30,,143.0,38.0
2015-12-31,,72.0,52.0
2016-01-01,,28.0,10.0
2016-01-02,,14.0,
2016-01-03,,18.0,
2016-01-04,,50.0,25.0
2016-01-05,0.048,50.0,15.0
2016-01-06,,103.0,58.0
2016-01-07,0.03588,45.0,
2016-01-08,,91.0,58.0
2016-01-09,0.0729,42.0,
2016-01-10,0.2038,37.0,
2016-01-11,0.154725,69.0,30.0
2016-01-12,0.0663,34.0,
2016-01-13,,62.0,32.0
2016-01-14,0.0843,184.0,135.0
2016-01-15,,43.0,18.0
2016-01-16,0.0027,144.0,
2016-01-17,,31.0,
2016-01-18,0.083,140.0,
2016-01-19,0.079,70.0,
2016-01-20,0.1817,78.0,29.0
2016-01-21,0.0695,255.0,81.0
2016-01-22,,88.0,61.0
2016-01-23,0.0344,36.0,
2016-01-24,,70.0,
2016-01-25,0.08976666666666666,,
2016-01-26,0.1467,,19.0
2016-01-27,,35.0,
2016-01-28,0.0499,41.0,
2016-01-29,0.2761,95.0,
2016-01-30,0.08,172.0,
2016-01-31,,65.0,
2016-02-01,0.0295,73.0,
2016-02-02,0.33646666666666664,82.0,
2016-02-03,0.1389,42.0,
2016-02-04,,53.0,
2016-02-05,0.1656,69.0,
2016-02-06,0.149,46.0,
2016-02-07,,85.0,
2016-02-08,,68.0,
2016-02-09,,75.0,
2016-02-10,0.0603,77.0,
2016-02-11,0.3517,122.0,
2016-02-12,0.2198,68.0,
2016-02-13,0.262,122.0,
2016-02-14,,86.0,
2016-02-15,0.0995,114.0,
2016-02-16,,110.0,
2016-02-17,0.1319,94.0,
2016-02-18,0.48715,78.0,
2016-02-19,0.0865,102.0,
2016-02-20,0.3443833333333333,118.0,
2016-02-21,,63.0,
2016-02-22,0.17636,49.0,
2016-02-23,,182.0,
2016-02-24,0.0967,42.0,
2016-02-25,,74.0,
2016-02-26,0.13376666666666667,50.0,
2016-02-27,0.5194,71.0,
2016-02-28,0.19506666666666664,62.0,
2016-02-29,0.2171,74.0,
2016-03-01,0.26625,69.0,
2016-03-02,0.1681,81.0,
2016-03-03,,66.0,
2016-03-04,0.2344,70.0,
2016-03-05,0.8817,95.0,
2016-03-06,,54.0,
2016-03-07,,77.0,
2016-03-08,,111.0,
2016-03-09,,59.0,
2016-03-10,,19.0,
2016-03-11,,37.0,
2016-03-12,,77.0,
2016-03-13,0.0514,48.0,
2016-03-14,0.35496,76.0,
2016-03-15,0.27785,104.0,
2016-03-16,,83.0,
2016-03-17,0.3615,123.0,
2016-03-18,0.14939999999999998,84.0,
2016-03-19,,42.0,
2016-03-20,,27.0,
2016-03-21,0.28035,42.0,
2016-03-22,0.1746,107.0,
2016-03-23,0.2074,35.0,
2016-03-24,0.2469,,
2016-03-25,0.229,39.0,
2016-03-26,0.2601,62.0,
2016-03-27,0.13893333333333333,60.0,
2016-03-28,,30.0,
2016-03-29,0.2338,53.0,
2016-03-30,,126.0,
2016-03-31,0.14332499999999998,98.0,
2016-04-01,0.2371,86.0,
2016-04-02,0.4404,50.0,
2016-04-03,0.1186,31.0,
2016-04-04,0.23925,69.0,
2016-04-05,0.1021,66.0,
2016-04-06,,134.0,
2016-04-07,,83.0,
2016-04-08,,71.0,
2016-04-09,0.33,59.0,
2016-04-10,,50.0,
2016-04-11,0.7094999999999999,63.0,
2016-04-12,0.1341,79.0,
2016-04-13,,44.0,
2016-04-14,0.31596,50.0,
2016-04-15,0.4842000000000001,57.0,
2016-04-16,0.263,76.0,
2016-04-17,0.2865,55.0,
2016-04-18,0.3971,68.0,
2016-04-19,0.1853,43.0,
2016-04-20,,51.0,
2016-04-21,0.3031833333333333,61.0,
2016-04-22,0.6961999999999999,69.0,
2016-04-23,,44.0,
2016-04-24,0.2626,92.0,
2016-04-25,0.2081125,62.0,
2016-04-26,0.2482,127.0,
2016-04-27,0.4305,142.0,
2016-04-28,0.144825,120.0,
2016-04-29,,194.0,
2016-04-30,0.1235,83.0,
2016-05-01,0.5589,82.0,
2016-05-02,,45.0,
2016-05-03,0.18025,47.0,
2016-05-04,0.3573,61.0,
2016-05-05,0.1711,45.0,
2016-05-06,0.149,64.0,
2016-05-07,0.1847,85.0,
2016-05-08,,92.0,
2016-05-09,0.1039,69.0,
2016-05-10,,135.0,
2016-05-11,0.267,75.0,
2016-05-12,,106.0,
2016-05-13,,79.0,
2016-05-14,,73.0,
2016-05-15,,49.0,
2016-05-16,0.06393333333333333,54.0,
2016-05-17,0.6435,72.0,
2016-05-18,,52.0,
2016-05-19,0.4632,90.0,
2016-05-20,0.4077,100.0,
2016-05-21,0.1187,104.0,
2016-05-22,,97.0,
2016-05-23,,101.0,
2016-05-24,0.46645,157.0,
2016-05-25,,,
2016-05-26,0.379075,109.0,
2016-05-27,0.23845,117.0,
2016-05-28,0.40715,60.0,
2016-05-29,,64.0,
2016-05-30,,44.0,
2016-05-31,,45.0,
2016-06-01,,45.0,
2016-06-02,,45.0,
2016-06-03,,36.0,
2016-06-04,,30.0,
2016-06-05,,12.0,
2016-06-06,,21.0,
2016-06-07,,25.0,
2016-06-08,,36.0,
2016-06-09,,69.0,
2016-06-10,,44.0,
2016-06-11,,71.0,
2016-06-12,,57.0,
2016-06-13,,52.0,
2016-06-14,0.393,99.0,
2016-06-15,0.1822,60.0,
2016-06-16,,98.0,
2016-06-17,0.1973,67.0,
2016-06-18,0.1973,71.0,
2016-06-19,,32.0,
2016-06-20,,50.0,
2016-06-21,0.2533,59.0,
2016-06-22,0.1998,47.0,
2016-06-23,0.1998,67.0,
2016-06-24,0.1496,60.0,
2016-06-25,0.69025,41.0,
2016-06-26,,32.0,
2016-06-27,,28.0,
2016-06-28,0.1899,43.0,
2016-06-29,0.2733,22.0,
2016-06-30,0.2227,31.0,
2016-07-01,0.150275,54.0,
2016-07-02,,97.0,
2016-07-03,0.19286666666666666,53.0,
2016-07-04,0.3452,88.0,
2016-07-05,0.16,69.0,
2016-07-06,0.2279,48.0,
2016-07-07,0.2257,59.0,
2016-07-08,0.2581,70.0,
2016-07-09,0.3482333333333334,70.0,
2016-07-10,,92.0,
2016-07-11,,83.0,
2016-07-12,0.1659,56.0,
2016-07-13,,55.0,
2016-07-14,0.3071,55.0,
2016-07-15,0.2285,96.0,
2016-07-16,0.4062,123.0,
2016-07-17,0.1719,48.0,
2016-07-18,,51.0,
2016-07-19,0.1566,33.0,
2016-07-20,0.2968,30.0,
2016-07-21,,34.0,
2016-07-22,0.36208,28.0,
2016-07-23,0.3801,35.0,
2016-07-24,0.1802,27.0,
2016-07-25,0.3296,38.0,
2016-07-26,,47.0,
2016-07-27,,48.0,
2016-07-28,,72.0,
2016-07-29,0.51955,61.0,
2016-07-30,,51.0,
2016-07-31,0.2325,28.0,
2016-08-01,0.4828,61.0,
2016-08-02,0.1464,65.0,
2016-08-03,,51.0,
2016-08-04,,57.0,
2016-08-05,0.639,51.0,
2016-08-06,,43.0,
2016-08-07,0.1816,22.0,
2016-08-08,0.2517,41.0,
2016-08-09,0.22586666666666666,49.0,
2016-08-10,0.3194333333333334,73.0,
2016-08-11,0.1567,69.0,
2016-08-12,0.5428999999999999,39.0,
2016-08-13,,53.0,
2016-08-14,,31.0,
2016-08-15,,13.0,
2016-08-16,,31.0,
2016-08-17,0.32620000000000005,21.0,
2016-08-18,0.2278333333333333,38.0,
2016-08-19,,65.0,
2016-08-20,,84.0,
2016-08-21,,9.0,
2016-08-22,0.181,45.0,
2016-08-23,0.2268,39.0,
2016-08-24,0.2814,29.0,
2016-08-25,0.1621,84.0,
2016-08-26,0.43815,52.0,
2016-08-27,0.1579,51.0,
2016-08-28,,44.0,
2016-08-29,,31.0,
2016-08-30,,23.0,
2016-08-31,,13.0,
2016-09-01,,16.0,
2016-09-02,,56.0,
2016-09-03,,32.0,
2016-09-04,,14.0,
2016-09-05,,33.0,
2016-09-06,0.4251,34.0,
2016-09-07,0.2032,50.0,
2016-09-08,0.2468,72.0,
2016-09-09,0.2977,113.0,
2016-09-10,0.2088,95.0,
2016-09-11,0.3638,23.0,
2016-09-12,,44.0,
2016-09-13,0.2751,54.0,
2016-09-14,,48.0,
2016-09-15,,43.0,
2016-09-16,,44.0,
2016-09-17,0.2803,67.0,
2016-09-18,,40.0,
2016-09-19,0.1949,43.0,
2016-09-20,,104.0,
2016-09-21,0.148425,29.0,
2016-09-22,0.3998,46.0,
2016-09-23,,74.0,
2016-09-24,0.259925,76.0,
2016-09-25,,36.0,
2016-09-26,,,
2016-09-27,,7.0,
2016-09-28,,28.0,
2016-09-29,,41.0,
2016-09-30,,57.0,
2016-10-01,,56.0,
2016-10-02,,44.0,
2016-10-03,0.1132,89.0,
2016-10-04,,78.0,
2016-10-05,0.14205,77.0,
2016-10-06,,46.0,
2016-10-07,,79.0,
2016-10-08,,18.0,
2016-10-09,,49.0,
2016-10-10,0.3471,41.0,
2016-10-11,0.1357,91.0,
2016-10-12,0.0705,60.0,
2016-10-13,,76.0,
2016-10-14,0.0985,54.0,
2016-10-15,0.2338666666666667,57.0,
2016-10-16,0.0669,40.0,
2016-10-17,,83.0,
2016-10-18,0.0749,82.0,
2016-10-19,0.1866,61.0,
2016-10-20,,55.0,
2016-10-21,0.0569,34.0,
2016-10-22,,38.0,
2016-10-23,,35.0,
2016-10-24,0.2946,54.0,
2016-10-25,,20.0,
2016-10-26,0.23630000000000004,32.0,
2016-10-27,0.21085,52.0,
2016-10-28,0.0425,40.0,
2016-10-29,,63.0,
2016-10-30,0.0699,36.0,
2016-10-31,0.4329,56.0,
2016-11-01,0.0993,73.0,
2016-11-02,0.2875,49.0,
2016-11-03,,29.0,
2016-11-04,,9.0,
2016-11-05,,32.0,
2016-11-06,,38.0,
2016-11-07,,,
2016-11-08,,27.0,
2016-11-09,,15.0,
2016-11-10,,20.0,
2016-11-11,,47.0,
2016-11-12,,44.0,
2016-11-13,,22.0,
2016-11-14,,65.0,
2016-11-15,0.0581,36.0,
2016-11-16,,93.0,
2016-11-17,0.083,133.0,
2016-11-18,,62.0,
2016-11-19,0.1905,25.0,
2016-11-20,0.0542,25.0,
2016-11-21,,63.0,
2016-11-22,0.0808,184.0,
2016-11-23,,40.0,
2016-11-24,0.0798,83.0,
2016-11-25,0.3367,58.0,
2016-11-26,0.087,46.0,
2016-11-27,0.1485,35.0,
2016-11-28,0.13169999999999998,48.0,
2016-11-29,0.0791,70.0,
2016-11-30,,29.0,
2016-12-01,0.0145,56.0,
2016-12-02,,62.0,
2016-12-03,,71.0,
2016-12-04,,10.0,
2016-12-05,0.1022,52.0,
2016-12-06,0.1341,77.0,
2016-12-07,,47.0,
2016-12-08,,22.0,
2016-12-09,,32.0,
2016-12-10,0.10225,37.0,
2016-12-11,0.1613,133.0,
2016-12-12,0.0917,61.0,
2016-12-13,0.0595,118.0,
2016-12-14,,89.0,
2016-12-15,0.052500000000000005,18.0,
2016-12-16,,171.0,
2016-12-17,0.06,160.0,
2016-12-18,,37.0,
2016-12-19,,26.0,
2016-12-20,,80.0,
2016-12-21,0.12869999999999998,151.0,
2016-12-22,0.0636,96.0,
2016-12-23,,44.0,
2016-12-24,0.08020000000000001,74.0,
2016-12-25,,83.0,
2016-12-26,,52.0,
2016-12-27,0.3066,56.0,
2016-12-28,0.2138,90.0,
2016-12-29,,47.0,
2016-12-30,,33.0,
2016-12-31,0.09253333333333334,199.0,
2017-01-01,,90.0,
2017-01-02,0.01893333333333333,66.0,
2017-01-03,,71.0,
2017-01-04,0.12385999999999998,48.0,
2017-01-05,0.1212,125.0,
2017-01-06,0.0944,71.0,
2017-01-07,0.1301,55.0,
2017-01-08,,35.0,
2017-01-09,0.0358,126.0,
2017-01-10,,206.0,
2017-01-11,0.0255,,
2017-01-12,0.0867,95.0,
2017-01-13,,71.0,
2017-01-14,,42.0,
2017-01-15,0.1316,50.0,
2017-01-16,,34.0,
2017-01-17,,78.0,
2017-01-18,,43.0,
2017-01-19,0.14350000000000002,161.0,
2017-01-20,0.2188,59.0,
2017-01-21,,74.0,
2017-01-22,,39.0,
2017-01-23,0.2209,56.0,
2017-01-24,,252.0,
2017-01-25,0.12116666666666664,46.0,
2017-01-26,,61.0,
2017-01-27,0.07025,26.0,
2017-01-28,,33.0,
2017-01-29,,22.0,
2017-01-30,0.1301,59.0,
2017-01-31,,181.0,
2017-02-01,0.1018,90.0,
2017-02-02,,80.0,
2017-02-03,0.1149,130.0,
2017-02-04,,60.0,
2017-02-05,0.12115,98.0,
2017-02-06,0.2835,106.0,
2017-02-07,0.13266666666666668,70.0,
2017-02-08,0.0546,75.0,
2017-02-09,,75.0,
2017-02-10,0.0445,64.0,
2017-02-11,,218.0,
2017-02-12,0.09,71.0,
2017-02-13,0.4274,68.0,
2017-02-14,0.1436,47.0,
2017-02-15,0.1588,36.0,
2017-02-16,,52.0,
2017-02-17,0.0531,80.0,
2017-02-18,,45.0,
2017-02-19,,123.0,
2017-02-20,0.16720000000000002,42.0,
2017-02-21,0.14300000000000002,27.0,
2017-02-22,,90.0,
2017-02-23,,66.0,
2017-02-24,0.023,38.0,
2017-02-25,,75.0,
2017-02-26,0.0588,67.0,
2017-02-27,,45.0,
2017-02-28,0.1136,157.0,
2017-03-01,0.241,153.0,
2017-03-02,,53.0,
2017-03-03,,64.0,
2017-03-04,,40.0,
2017-03-05,0.0998,77.0,
2017-03-06,0.1957,143.0,
2017-03-07,,75.0,
2017-03-08,0.3539,43.0,
2017-03-09,,75.0,
2017-03-10,0.3692666666666666,56.0,
2017-03-11,,64.0,
2017-03-12,,13.0,
2017-03-13,,,
2017-03-14,,157.0,
2017-03-15,,69.0,
2017-03-16,,95.0,
2017-03-17,0.3464,118.0,
2017-03-18,0.3068,126.0,
2017-03-19,0.2324,81.0,
2017-03-20,0.1492,83.0,
2017-03-21,0.1064,110.0,
2017-03-22,,97.0,
2017-03-23,0.16699999999999998,94.0,
2017-03-24,0.32676666666666665,73.0,
2017-03-25,0.1387,61.0,
2017-03-26,,101.0,
2017-03-27,0.2976,79.0,
2017-03-28,0.0969,140.0,
2017-03-29,0.3339,109.0,
2017-03-30,0.0479,56.0,
2017-03-31,,93.0,
2017-04-01,0.1045,109.0,
2017-04-02,0.2747,80.0,
2017-04-03,0.1361,72.0,
2017-04-04,0.1679,114.0,
2017-04-05,0.2113,65.0,
2017-04-06,0.1505,74.0,
2017-04-07,,78.0,
2017-04-08,0.0894,62.0,
2017-04-09,0.5825666666666667,54.0,
2017-04-10,0.1914,64.0,
2017-04-11,,75.0,
2017-04-12,0.2492,33.0,
2017-04-13,0.2929,50.0,
2017-04-14,,34.0,
2017-04-15,,54.0,
2017-04-16,,37.0,
2017-04-17,,64.0,
2017-04-18,0.3191,65.0,
2017-04-19,0.258,44.0,
2017-04-20,0.2067,94.0,
2017-04-21,0.2423,70.0,
2017-04-22,0.1057,56.0,
2017-04-23,0.17825000000000002,15.0,
2017-04-24,0.2444,41.0,
2017-04-25,0.6782666666666666,39.0,
2017-04-26,0.1697,49.0,
2017-04-27,,98.0,
2017-04-28,0.2973,131.0,
2017-04-29,0.345,172.0,
2017-04-30,0.2493,41.0,
2017-05-01,0.0716,70.0,
2017-05-02,,70.0,
2017-05-03,0.2581,127.0,
2017-05-04,0.3388,48.0,
2017-05-05,0.0626,47.0,
2017-05-06,0.1381,80.0,
2017-05-07,0.61805,39.0,
2017-05-08,,56.0,
2017-05-09,,55.0,
2017-05-10,,89.0,
2017-05-11,0.42095,65.0,
2017-05-12,0.254,41.0,
2017-05-13,0.383025,84.0,
2017-05-14,0.20065999999999998,43.0,
2017-05-15,0.2243,,
2017-05-16,0.2803,64.0,
2017-05-17,0.18596,66.0,
2017-05-18,,102.0,
2017-05-19,0.3245,81.0,
2017-05-20,,52.0,
2017-05-21,0.1079,30.0,
2017-05-22,,13.0,
2017-05-23,,78.0,
2017-05-24,0.1549,42.0,
2017-05-25,,133.0,
2017-05-26,0.2119,91.0,
2017-05-27,0.6626000000000001,120.0,
2017-05-28,0.2946,96.0,
2017-05-29,,50.0,
2017-05-30,,32.0,
2017-05-31,0.155025,11.0,
2017-06-01,,57.0,
2017-06-02,,54.0,
2017-06-03,,39.0,
2017-06-04,,46.0,
2017-06-05,0.4197666666666667,90.0,
2017-06-06,0.1283,24.0,
2017-06-07,0.2115,18.0,
2017-06-08,0.1641,43.0,
2017-06-09,0.3088,99.0,
2017-06-10,,92.0,
2017-06-11,0.1898,59.0,
2017-06-12,0.462075,82.0,
2017-06-13,0.2476,59.0,
2017-06-14,0.2611,48.0,
2017-06-15,0.2452,55.0,
2017-06-16,0.1703,71.0,
2017-06-17,0.3028,92.0,
2017-06-18,0.12444999999999998,67.0,
2017-06-19,,71.0,
2017-06-20,,36.0,
2017-06-21,0.5421,45.0,
2017-06-22,0.1219,51.0,
2017-06-23,0.1821,97.0,
2017-06-24,0.6297,50.0,
2017-06-25,,28.0,
2017-06-26,,27.0,
2017-06-27,,39.0,
2017-06-28,0.3021333333333333,84.0,
2017-06-29,0.1531,72.0,
2017-06-30,,60.0,
2017-07-01,0.30535,64.0,
2017-07-02,0.2377,35.0,
2017-07-03,0.2571,64.0,
2017-07-04,0.1715,77.0,
2017-07-05,,79.0,
2017-07-06,,76.0,
2017-07-07,0.6245333333333333,49.0,
2017-07-08,,38.0,
2017-07-09,0.33145,32.0,
2017-07-10,0.31370000000000003,27.0,
2017-07-11,0.3197,45.0,
2017-07-12,,68.0,
2017-07-13,,50.0,
2017-07-14,0.37375,59.0,
2017-07-15,0.23134,67.0,
2017-07-16,0.3595,24.0,
2017-07-17,,34.0,
2017-07-18,0.33936666666666665,58.0,
2017-07-19,0.299,47.0,
2017-07-20,0.2179,,
2017-07-21,,79.0,
2017-07-22,0.116375,66.0,
2017-07-23,0.7759999999999999,51.0,
2017-07-24,0.2525,95.0,
2017-07-25,0.40476666666666666,62.0,
2017-07-26,0.18600000000000005,46.0,
2017-07-27,0.23385999999999998,50.0,
2017-07-28,0.3288,61.0,
2017-07-29,0.1118,59.0,
2017-07-30,0.7433,44.0,
2017-07-31,,53.0,
2017-08-01,,50.0,
2017-08-02,,43.0,
2017-08-03,,45.0,
2017-08-04,0.4136,76.0,
2017-08-05,0.237475,51.0,
2017-08-06,,54.0,
2017-08-07,0.157,70.0,
2017-08-08,0.6339666666666667,33.0,
2017-08-09,,,
2017-08-10,0.4506,16.0,
2017-08-11,0.2797,31.0,
2017-08-12,0.1732,65.0,
2017-08-13,0.361,48.0,
2017-08-14,0.18116666666666667,77.0,
2017-08-15,0.3511,75.0,
2017-08-16,0.1433,58.0,
2017-08-17,0.6247,58.0,
2017-08-18,0.2319333333333333,73.0,
2017-08-19,0.3104833333333333,48.0,
2017-08-20,0.41896,44.0,
2017-08-21,0.1989,59.0,
2017-08-22,,45.0,
2017-08-23,,35.0,
2017-08-24,,36.0,
2017-08-25,,32.0,
2017-08-26,,,
2017-08-27,0.262,25.0,
2017-08-28,,66.0,
2017-08-29,,51.0,
2017-08-30,0.0803,41.0,
2017-08-31,0.2465,46.0,
2017-09-01,,66.0,
2017-09-02,,39.0,
2017-09-03,,20.0,
2017-09-04,,23.0,
2017-09-05,,50.0,
2017-09-06,,21.0,
2017-09-07,,77.0,
2017-09-08,0.1595,74.0,
2017-09-09,,25.0,
2017-09-10,0.2598,46.0,
2017-09-11,0.2269,40.0,
2017-09-12,0.2483,79.0,
2017-09-13,0.3614,83.0,
2017-09-14,0.3742,143.0,
2017-09-15,0.1863,91.0,
2017-09-16,0.362075,63.0,
2017-09-17,,34.0,
2017-09-18,,41.0,
2017-09-19,,52.0,
2017-09-20,0.295,61.0,
2017-09-21,0.3336,42.0,
2017-09-22,,26.0,
2017-09-23,,24.0,
2017-09-24,,25.0,
2017-09-25,,,
2017-09-26,,47.0,
2017-09-27,,34.0,
2017-09-28,,24.0,
2017-09-29,,27.0,
2017-09-30,,37.0,
2017-10-01,,62.0,
2017-10-02,0.4169,47.0,
2017-10-03,,44.0,
2017-10-04,,15.0,
2017-10-05,,7.0,
2017-10-06,0.2191,64.0,
2017-10-07,,126.0,
2017-10-08,0.1149,43.0,
2017-10-09,,82.0,
2017-10-10,,16.0,
2017-10-11,0.3347,28.0,
2017-10-12,0.15375999999999998,68.0,
2017-10-13,0.2276,54.0,
2017-10-14,0.2866,40.0,
2017-10-15,0.1688666666666667,45.0,
2017-10-16,,,
2017-10-17,0.0495,32.0,
2017-10-18,0.1851,62.0,
2017-10-19,0.0843,68.0,
2017-10-20,0.2323,65.0,
2017-10-21,0.15904,63.0,
2017-10-22,,36.0,
2017-10-23,,34.0,
2017-10-24,0.09852000000000001,,
2017-10-25,,74.0,
2017-10-26,0.0303,88.0,
2017-10-27,0.1135,99.0,
2017-10-28,0.1499,52.0,
2017-10-29,0.1154,47.0,
2017-10-30,0.0391,175.0,
2017-10-31,0.083,52.0,
2017-11-01,,125.0,
2017-11-02,0.0729,197.0,
2017-11-03,0.3481333333333333,114.0,
2017-11-04,0.0998,78.0,
2017-11-05,,103.0,
2017-11-06,0.1704,103.0,
2017-11-07,0.0886,100.0,
2017-11-08,,52.0,
2017-11-09,0.09455,35.0,
2017-11-10,,17.0,
2017-11-11,0.0888,47.0,
2017-11-12,0.1334,55.0,
2017-11-13,,63.0,
2017-11-14,0.2102,64.0,
2017-11-15,0.1345,163.0,
2017-11-16,0.0819,63.0,
2017-11-17,,95.0,
2017-11-18,0.0624,124.0,
2017-11-19,0.2780333333333333,25.0,
2017-11-20,0.1584,41.0,
2017-11-21,0.1529,178.0,
2017-11-22,0.2407,39.0,
2017-11-23,0.0901,107.0,
2017-11-24,,142.0,
2017-11-25,0.0335,125.0,
2017-11-26,,33.0,
2017-11-27,0.0309,73.0,
2017-11-28,0.4457,72.0,
2017-11-29,0.0809,46.0,
2017-11-30,0.1006,131.0,
2017-12-01,0.7142,51.0,
2017-12-02,0.08502499999999999,98.0,
2017-12-03,,56.0,
2017-12-04,0.1076,105.0,
2017-12-05,0.5879333333333333,64.0,
2017-12-06,,40.0,
2017-12-07,,21.0,
2017-12-08,0.1827,15.0,
2017-12-09,0.0848,36.0,
2017-12-10,,49.0,
2017-12-11,,180.0,
2017-12-12,,37.0,
2017-12-13,0.055999999999999994,177.0,
2017-12-14,,185.0,
2017-12-15,,12.0,
2017-12-16,,67.0,
2017-12-17,0.1926,73.0,
2017-12-18,0.0451,120.0,
2017-12-19,,250.0,
2017-12-20,0.0924,76.0,
2017-12-21,0.4811333333333334,160.0,
2017-12-22,,248.0,
2017-12-23,0.1795,32.0,
2017-12-24,0.1255,81.0,
2017-12-25,0.10078333333333334,35.0,
2017-12-26,,117.0,
2017-12-27,0.0992,11.0,
2017-12-28,,28.0,
2017-12-29,,31.0,
2017-12-30,0.3544,249.0,
2017-12-31,,65.0,
2018-01-01,,6.0,
2018-01-02,,44.0,
2018-01-03,0.0468,47.0,
2018-01-04,,61.0,
2018-01-05,0.0601,78.0,
2018-01-06,0.5127,142.0,
2018-01-07,0.2246,53.0,
2018-01-08,,64.0,
2018-01-09,0.12725,88.0,
2018-01-10,0.0431,155.0,
2018-01-11,,128.0,
2018-01-12,0.034600000000000006,48.0,
2018-01-13,,39.0,
2018-01-14,0.0767,54.0,
2018-01-15,0.284,57.0,
2018-01-16,0.16695,28.0,
2018-01-17,,26.0,
2018-01-18,,84.0,
2018-01-19,0.0494,94.0,
2018-01-20,,130.0,
2018-01-21,0.1004,76.0,
2018-01-22,,49.0,
2018-01-23,,61.0,
2018-01-24,0.2012,41.0,
2018-01-25,0.1527,37.0,
2018-01-26,0.0513,89.0,
2018-01-27,,59.0,
2018-01-28,,31.0,
2018-01-29,,23.0,
2018-01-30,0.0608,51.0,
2018-01-31,0.25915,68.0,
2018-02-01,0.068325,215.0,
2018-02-02,,49.0,
2018-02-03,,105.0,
2018-02-04,0.13090000000000002,51.0,
2018-02-05,,61.0,
2018-02-06,,142.0,
2018-02-07,,63.0,
2018-02-08,,43.0,
2018-02-09,,134.0,
2018-02-10,0.1136,92.0,
2018-02-11,0.193,47.0,
2018-02-12,,23.0,
2018-02-13,,39.0,
2018-02-14,,84.0,
2018-02-15,0.1343,100.0,
2018-02-16,0.2313,47.0,
2018-02-17,0.508,79.0,
2018-02-18,0.214,68.0,
2018-02-19,,200.0,
2018-02-20,,108.0,
2018-02-21,,99.0,
2018-02-22,,43.0,
2018-02-23,0.5073,77.0,
2018-02-24,,135.0,
2018-02-25,0.21036,41.0,
2018-02-26,,60.0,
2018-02-27,0.2622666666666667,54.0,
2018-02-28,,133.0,
2018-03-01,0.0491,75.0,
2018-03-02,,70.0,
2018-03-03,0.0975,63.0,
2018-03-04,0.4734,59.0,
2018-03-05,0.13977499999999998,103.0,
2018-03-06,,48.0,
2018-03-07,0.1601,78.0,
2018-03-08,0.0933,60.0,
2018-03-09,,81.0,
2018-03-10,0.0483,106.0,
2018-03-11,0.1289,95.0,
2018-03-12,,38.0,
2018-03-13,,58.0,
2018-03-14,,25.0,
2018-03-15,0.2024,82.0,
2018-03-16,,74.0,
2018-03-17,0.1074,58.0,
2018-03-18,,48.0,
2018-03-19,0.0628,143.0,
2018-03-20,0.3243,73.0,
2018-03-21,0.377,53.0,
2018-03-22,0.2263,69.0,
2018-03-23,,83.0,
2018-03-24,0.1774,74.0,
2018-03-25,,55.0,
2018-03-26,0.13340000000000002,117.0,
2018-03-27,0.4039,98.0,
2018-03-28,,99.0,
2018-03-29,0.1947,36.0,
2018-03-30,0.1772,72.0,
2018-03-31,0.1485,36.0,
2018-04-01,,53.0,
2018-04-02,0.1131,92.0,
2018-04-03,,132.0,
2018-04-04,,46.0,
2018-04-05,0.068,106.0,
2018-04-06,0.2005,128.0,
2018-04-07,0.3058,81.0,
2018-04-08,0.35735,49.0,
2018-04-09,0.1595,59.0,
2018-04-10,,,
2018-04-11,0.2151,31.0,
2018-04-12,,110.0,
2018-04-13,0.1027,137.0,
2018-04-14,,80.0,
2018-04-15,0.17800000000000002,42.0,
2018-04-16,0.1055,68.0,
2018-04-17,0.2866,89.0,
2018-04-18,0.2051166666666667,93.0,
2018-04-19,,33.0,
2018-04-20,,27.0,
2018-04-21,0.2121,95.0,
2018-04-22,0.17109999999999995,37.0,
2018-04-23,0.33135000000000003,26.0,
2018-04-24,,54.0,
2018-04-25,,34.0,
2018-04-26,,47.0,
2018-04-27,,22.0,
2018-04-28,,32.0,
2018-04-29,,34.0,
2018-04-30,0.1605,22.0,
2018-05-01,0.2221,70.0,
2018-05-02,0.29185,74.0,
2018-05-03,0.2623,98.0,
2018-05-04,,71.0,
2018-05-05,,30.0,
2018-05-06,0.1694,31.0,
2018-05-07,0.5308,69.0,
2018-05-08,0.0912,71.0,
2018-05-09,0.1561,80.0,
2018-05-10,0.1484,82.0,
2018-05-11,0.206,60.0,
2018-05-12,,126.0,
2018-05-13,,48.0,
2018-05-14,0.3356,45.0,
2018-05-15,,52.0,
2018-05-16,,63.0,
2018-05-17,0.19055999999999998,74.0,
2018-05-18,0.2382,47.0,
2018-05-19,0.30160000000000003,61.0,
2018-05-20,0.2398,57.0,
2018-05-21,,37.0,
2018-05-22,0.2277,34.0,
2018-05-23,0.4857,27.0,
2018-05-24,0.2576,46.0,
2018-05-25,0.2086,54.0,
2018-05-26,0.0645,92.0,
2018-05-27,0.0998,50.0,
2018-05-28,,51.0,
2018-05-29,0.1085,85.0,
2018-05-30,0.5668000000000001,60.0,
2018-05-31,0.3502,78.0,
2018-06-01,0.7236,104.0,
2018-06-02,0.1778,103.0,
2018-06-03,0.3168,73.0,
2018-06-04,,70.0,
2018-06-05,0.0488,69.0,
2018-06-06,,73.0,
2018-06-07,0.19515,82.0,
2018-06-08,0.1915,51.0,
2018-06-09,,,
2018-06-10,0.1521,63.0,
2018-06-11,0.28486666666666666,114.0,
2018-06-12,,52.0,
2018-06-13,,56.0,
2018-06-14,0.1714,37.0,
2018-06-15,,17.0,
2018-06-16,,,
2018-06-17,,31.0,
2018-06-18,,20.0,
2018-06-19,,22.0,
2018-06-20,,47.0,
2018-06-21,,3.0,
2018-06-22,,71.0,
2018-06-23,0.1545,,
2018-06-24,0.4455,,
2018-06-25,,,
2018-06-26,0.3303,26.0,
2018-06-27,0.1524,38.0,
2018-06-28,0.0928,80.0,
2018-06-29,,74.0,
2018-06-30,0.077,132.0,
2018-07-01,0.79985,103.0,
2018-07-02,0.1131,120.0,
2018-07-03,0.2866,120.0,
2018-07-04,0.2288,109.0,
2018-07-05,0.506,91.0,
2018-07-06,0.3225,57.0,
2018-07-07,,32.0,
2018-07-08,,24.0,
2018-07-09,0.18545,68.0,
2018-07-10,0.4507,70.0,
2018-07-11,0.1553,64.0,
2018-07-12,0.2407,96.0,
2018-07-13,0.3541,95.0,
2018-07-14,0.1836,73.0,
2018-07-15,,107.0,
2018-07-16,0.3057,143.0,
2018-07-17,0.72645,119.0,
2018-07-18,0.0862,176.0,
2018-07-19,,115.0,
2018-07-20,0.21227142857142856,97.0,
2018-07-21,0.2473,76.0,
2018-07-22,0.3186,107.0,
2018-07-23,0.1157,103.0,
2018-07-24,,105.0,
2018-07-25,,122.0,
2018-07-26,0.6527666666666666,105.0,
2018-07-27,,85.0,27.46
2018-07-28,0.3263,103.0,29.21
2018-07-29,0.34,54.0,20.2
2018-07-30,0.2532,78.0,20.85
2018-07-31,,54.0,22.0
2018-08-01,,34.0,11.52
2018-08-02,0.507,59.0,10.39
2018-08-03,0.2947,55.0,13.01
2018-08-04,0.4937,51.0,11.39
2018-08-05,,16.0,8.65
2018-08-06,,30.0,9.88
2018-08-07,,32.0,10.87
2018-08-08,0.1543,45.0,9.41
2018-08-09,,66.0,20.47
2018-08-10,0.2005,73.0,17.67
2018-08-11,,68.0,18.87
2018-08-12,,72.0,24.99
2018-08-13,0.33326666666666666,65.0,26.36
2018-08-14,0.2974,73.0,22.37
2018-08-15,0.2852,59.0,17.18
2018-08-16,,75.0,21.39
2018-08-17,0.1114,75.0,22.32
2018-08-18,0.48855,73.0,18.38
2018-08-19,0.1701,47.0,12.0
2018-08-20,,58.0,14.4
2018-08-21,0.4031,48.0,14.49
2018-08-22,0.1536,50.0,9.86
2018-08-23,0.2963,52.0,11.08
2018-08-24,0.1363,61.0,11.27
2018-08-25,,57.0,12.66
2018-08-26,0.1573,42.0,12.36
2018-08-27,0.3787,48.0,15.43
2018-08-28,0.2156,66.0,17.96
2018-08-29,0.2678666666666667,62.0,12.75
2018-08-30,,62.0,17.79
2018-08-31,,55.0,10.19
2018-09-01,,40.0,12.86
2018-09-02,0.1944,47.0,14.7
2018-09-03,,64.0,16.23
2018-09-04,,93.0,24.58
2018-09-05,0.4646,56.0,12.53
2018-09-06,,45.0,10.75
2018-09-07,,32.0,11.75
2018-09-08,0.2668,53.0,15.31
2018-09-09,,6.0,
2018-09-10,,17.0,9.67
2018-09-11,,17.0,4.48
2018-09-12,0.4705333333333333,29.0,11.69
2018-09-13,,12.0,4.68
2018-09-14,,14.0,5.78
2018-09-15,,37.0,7.78
2018-09-16,,44.0,16.98
2018-09-17,,35.0,11.08
2018-09-18,,42.0,17.43
2018-09-19,,57.0,17.78
2018-09-20,,65.0,21.83
2018-09-21,,68.0,22.57
2018-09-22,,23.0,6.23
2018-09-23,0.1989,13.0,10.7
2018-09-24,,49.0,12.17
2018-09-25,0.1091,63.0,27.43
2018-09-26,,40.0,18.16
2018-09-27,,25.0,5.11
2018-09-28,,16.0,5.97
2018-09-29,,27.0,12.7
2018-09-30,0.3361,23.0,14.29
2018-10-01,,26.0,6.96
2018-10-02,0.1905,25.0,7.89
2018-10-03,,41.0,8.11
2018-10-04,0.1662,54.0,11.98
2018-10-05,0.2959,33.0,7.95
2018-10-06,0.1208,55.0,17.41
2018-10-07,0.31856666666666666,31.0,16.85
2018-10-08,,36.0,15.55
2018-10-09,0.0983,66.0,16.61
2018-10-10,,25.0,6.86
2018-10-11,,26.0,11.49
2018-10-12,,31.0,8.39
2018-10-13,0.0768,29.0,15.71
2018-10-14,0.2588,33.0,18.78
2018-10-15,,6.0,4.95
2018-10-16,,20.0,5.17
2018-10-17,,16.0,6.15
2018-10-18,,6.0,5.52
2018-10-19,,18.0,7.81
2018-10-20,,14.0,8.53
2018-10-21,,,4.4
2018-10-22,,25.0,11.2
2018-10-23,,12.0,
2018-10-24,,29.0,24.97
2018-10-25,,38.0,27.13
2018-10-26,,53.0,26.42
2018-10-27,0.0823,44.0,16.15
2018-10-28,,22.0,10.12
2018-10-29,0.0453,48.0,22.32
2018-10-30,0.3212,103.0,27.08
2018-10-31,,124.0,29.99
2018-11-01,0.047,32.0,15.88
2018-11-02,0.1373,51.0,13.41
2018-11-03,0.1051,65.0,22.2
2018-11-04,,22.0,9.49
2018-11-05,0.0538,100.0,32.92
2018-11-06,0.30139999999999995,156.0,37.55
2018-11-07,0.1707,105.0,25.81
2018-11-08,0.2296666666666667,72.0,30.17
2018-11-09,,5.0,3.18
2018-11-10,,21.0,13.7
2018-11-11,,42.0,24.23
2018-11-12,,13.0,7.78
2018-11-13,,41.0,7.51
2018-11-14,0.0462,31.0,8.45
2018-11-15,0.1491,105.0,39.86
2018-11-16,0.1121,40.0,16.32
2018-11-17,,49.0,18.49
2018-11-18,,54.0,14.69
2018-11-19,,11.0,10.56
2018-11-20,,12.0,6.74
2018-11-21,0.064675,24.0,16.45
2018-11-22,0.66,,
2018-11-23,0.1672,39.0,16.41
2018-11-24,,120.0,11.45
2018-11-25,,54.0,9.35
2018-11-26,0.0627,41.0,9.69
2018-11-27,,36.0,7.99
2018-11-28,,136.0,60.27
2018-11-29,,133.0,30.11
2018-11-30,0.0152,110.0,52.36
2018-12-01,0.212825,87.0,20.66
2018-12-02,0.027000000000000003,83.0,18.15
2018-12-03,0.07373333333333333,34.0,14.39
2018-12-04,0.1124,29.0,10.49
2018-12-05,0.0608,5.0,
2018-12-06,,76.0,42.16
2018-12-07,,13.0,11.31
2018-12-08,0.4393,11.0,
2018-12-09,0.1754,45.0,
2018-12-10,0.1053,64.0,
2018-12-11,,58.0,16.89
2018-12-12,,154.0,80.01
2018-12-13,,32.0,5.94
2018-12-14,0.03835,31.0,4.18
2018-12-15,,63.0,20.3
2018-12-16,,52.0,20.72
2018-12-17,0.3602,111.0,27.09
2018-12-18,0.1037,91.0,43.61
2018-12-19,0.0806,82.0,9.77
2018-12-20,,33.0,5.6
2018-12-21,0.0154,75.0,11.56
2018-12-22,,84.0,12.05
2018-12-23,0.0681,34.0,6.39
2018-12-24,0.39786666666666665,59.0,24.38
2018-12-25,,50.0,28.84
2018-12-26,,49.0,27.84
2018-12-27,0.1157,54.0,15.45
2018-12-28,0.1197,83.0,13.21
2018-12-29,,11.0,9.79
2018-12-30,,33.0,19.08
2018-12-31,,115.0,46.47
2019-01-01,,67.0,41.24
2019-01-02,,35.0,15.2
2019-01-03,,32.0,12.9
2019-01-04,,68.0,13.86
2019-01-05,,117.0,20.54
2019-01-06,,76.0,47.99
2019-01-07,,90.0,17.34
2019-01-08,,97.0,40.24
2019-01-09,,4.0,
2019-01-10,,27.0,
2019-01-11,,74.0,30.99
2019-01-12,,55.0,9.1
2019-01-13,,30.0,14.27
2019-01-14,,22.0,18.06
2019-01-15,,25.0,
2019-01-16,,69.0,37.9
2019-01-17,,137.0,50.61
2019-01-18,,129.0,56.48
2019-01-19,,50.0,7.73
2019-01-20,,27.0,5.08
2019-01-21,,82.0,26.98
2019-01-22,,199.0,46.02
2019-01-23,,61.0,12.7
2019-01-24,,82.0,15.96
2019-01-25,,42.0,12.69
2019-01-26,,5.0,
2019-01-27,,34.0,8.42
2019-01-28,,335.0,30.97
2019-01-29,,61.0,
2019-01-30,,106.0,19.68
2019-01-31,,123.0,39.46
2019-02-01,,60.0,13.81
2019-02-02,,109.0,30.31
2019-02-03,,114.0,40.82
2019-02-04,,119.0,39.18
2019-02-05,,173.0,45.98
2019-02-06,,213.0,72.1
2019-02-07,,101.0,18.55
2019-02-08,,49.0,8.68
2019-02-09,,47.0,19.81
2019-02-10,,76.0,44.37
2019-02-11,,115.0,38.87
2019-02-12,,59.0,11.1
2019-02-13,,43.0,8.2
2019-02-14,,147.0,33.35
2019-02-15,,134.0,13.66
2019-02-16,,187.0,24.55
2019-02-17,,79.0,23.43
2019-02-18,,47.0,13.5
2019-02-19,,70.0,20.89
2019-02-20,,33.0,8.44
2019-02-21,,94.0,22.67
2019-02-22,,104.0,35.62
2019-02-23,,98.0,18.73
2019-02-24,,86.0,8.28
2019-02-25,,83.0,16.52
2019-02-26,,79.0,24.57
2019-02-27,,108.0,25.81
2019-02-28,,91.0,31.25
2019-03-01,,68.0,31.91
2019-03-02,,80.0,41.14
2019-03-03,,92.0,26.15
2019-03-04,,13.0,6.14
2019-03-05,,15.0,
2019-03-06,,44.0,23.35
2019-03-07,,112.0,40.95
2019-03-08,,149.0,55.49
2019-03-09,,155.0,
2019-03-10,,95.0,41.39
2019-03-11,,69.0,27.12
2019-03-12,,56.0,23.13
2019-03-13,,82.0,21.38
2019-03-14,,143.0,17.05
2019-03-15,,58.0,8.65
2019-03-16,,47.0,33.19
2019-03-17,,22.0,
2019-03-18,,22.0,
2019-03-19,,55.0,23.63
2019-03-20,,60.0,25.59
2019-03-21,,25.0,
2019-03-22,,47.0,21.19
2019-03-23,,110.0,34.73
2019-03-24,,52.0,24.47
2019-03-25,,69.0,29.68
2019-03-26,,21.0,
2019-03-27,,27.0,13.01
2019-03-28,,43.0,
2019-03-29,,84.0,35.31
2019-03-30,,78.0,22.35
2019-03-31,,11.0,6.06
2019-04-01,,55.0,14.05
2019-04-02,,79.0,27.58
2019-04-03,,63.0,31.46
2019-04-04,,79.0,24.02
2019-04-05,,78.0,16.73
2019-04-06,,44.0,15.54
2019-04-07,,50.0,14.43
2019-04-08,,76.0,16.51
2019-04-09,,97.0,20.76
2019-04-10,,145.0,
2019-04-11,,270.0,32.26
2019-04-12,,138.0,20.57
2019-04-13,,103.0,9.41
2019-04-14,,32.0,10.16
2019-04-15,,61.0,12.52
2019-04-16,,110.0,22.59
2019-04-17,,139.0,39.95
2019-04-18,,116.0,6.51
2019-04-19,,35.0,6.1
2019-04-20,,46.0,
2019-04-21,,54.0,
2019-04-22,,58.0,16.31
2019-04-23,,82.0,40.11
2019-04-24,,65.0,28.65
2019-04-25,,72.0,
2019-04-26,,49.0,6.94
2019-04-27,,73.0,13.42
2019-04-28,,46.0,12.95
2019-04-29,,75.0,25.67
2019-04-30,,106.0,43.12
2019-05-01,,122.0,33.59
2019-05-02,,99.0,56.5
2019-05-03,,58.0,33.36
2019-05-04,,53.0,27.91
2019-05-05,,47.0,24.86
2019-05-06,,36.0,27.6
2019-05-07,,52.0,28.86
2019-05-08,,94.0,13.74
2019-05-09,,115.0,45.08
2019-05-10,,28.0,6.64
2019-05-11,,40.0,12.85
2019-05-12,,49.0,24.96
2019-05-13,,44.0,29.91
2019-05-14,,31.0,14.88
2019-05-15,,51.0,20.0
2019-05-16,,53.0,23.9
2019-05-17,,86.0,29.87
2019-05-18,,113.0,35.19
2019-05-19,,79.0,37.29
2019-05-20,,83.0,35.32
2019-05-21,,131.0,
2019-05-22,,119.0,
2019-05-23,,93.0,
2019-05-24,,66.0,
2019-05-25,,62.0,
2019-05-26,,45.0,
2019-05-27,,54.0,
2019-05-28,,95.0,
2019-05-29,,,
2019-05-30,,,
2019-05-31,,52.0,
2019-06-01,,47.0,
2019-06-02,,31.0,
2019-06-03,,44.0,
2019-06-04,,35.0,
2019-06-05,,42.0,9.52
2019-06-06,,33.0,8.79
2019-06-07,,87.0,17.79
2019-06-08,,101.0,19.6
2019-06-09,,71.0,18.09
2019-06-10,,26.0,7.66
2019-06-11,,57.0,19.34
2019-06-12,,75.0,17.13
2019-06-13,,48.0,16.56
2019-06-14,,38.0,7.89
2019-06-15,,62.0,18.7
2019-06-16,,48.0,16.31
2019-06-17,,63.0,15.93
2019-06-18,,69.0,20.95
2019-06-19,,132.0,23.74
2019-06-20,,72.0,19.55
2019-06-21,,91.0,33.92
2019-06-22,,58.0,20.33
2019-06-23,,51.0,19.08
2019-06-24,,82.0,31.25
2019-06-25,,41.0,9.73
2019-06-26,,47.0,13.75
2019-06-27,,71.0,22.2
2019-06-28,,53.0,15.98
2019-06-29,,51.0,15.33
2019-06-30,,55.0,16.97
2019-07-01,,66.0,19.2
2019-07-02,,66.0,18.6
2019-07-03,,80.0,20.23
2019-07-04,,69.0,20.83
2019-07-05,,87.0,25.77
2019-07-06,,75.0,16.67
2019-07-07,,40.0,18.03
2019-07-08,,72.0,
2019-07-09,,79.0,16.64
2019-07-10,,82.0,20.9
2019-07-11,,33.0,7.89
2019-07-12,,28.0,7.68
2019-07-13,,59.0,10.78
2019-07-14,,39.0,12.2
2019-07-15,,60.0,26.4
2019-07-16,,67.0,21.02
2019-07-17,,52.0,17.38
2019-07-18,,61.0,16.71
2019-07-19,,79.0,17.28
2019-07-20,,67.0,19.03
2019-07-21,,57.0,18.8
2019-07-22,,61.0,22.2
2019-07-23,,40.0,14.45
2019-07-24,,28.0,10.79
2019-07-25,,38.0,14.02
2019-07-26,,40.0,12.87
2019-07-27,,50.0,13.67
2019-07-28,,58.0,20.51
2019-07-29,,64.0,22.73
2019-07-30,,78.0,24.33
2019-07-31,,108.0,27.15
2019-08-01,,79.0,19.97
2019-08-02,,54.0,11.28
2019-08-03,,62.0,8.24
2019-08-04,,34.0,
2019-08-05,,60.0,8.44
2019-08-06,,73.0,16.51
2019-08-07,,61.0,19.11
2019-08-08,,76.0,19.69
2019-08-09,,,
2019-08-10,,64.0,19.57
2019-08-11,,43.0,13.5
2019-08-12,,85.0,
2019-08-13,,89.0,14.06
2019-08-14,,58.0,14.4
2019-08-15,,58.0,14.09
2019-08-16,,61.0,12.11
2019-08-17,,74.0,18.74
2019-08-18,,75.0,28.47
2019-08-19,,48.0,17.57
2019-08-20,,73.0,21.69
2019-08-21,,57.0,16.11
2019-08-22,,53.0,12.49
2019-08-23,,65.0,11.66
2019-08-24,,27.0,7.52
2019-08-25,,33.0,9.88
2019-08-26,,57.0,10.9
2019-08-27,,89.0,26.39
2019-08-28,,86.0,36.45
2019-08-29,,85.0,24.53
2019-08-30,,59.0,21.84
2019-08-31,,77.0,21.69
